epoch,time(s),train_loss,test_loss,test_error(%)
001,00011,32.269372,6.55764,100.00
002,00004,32.068869,6.48912,100.00
003,00004,31.735879,6.42942,100.00
004,00005,31.212272,6.37019,100.00
005,00004,30.203275,6.27422,100.00
006,00004,23.899244,6.10811,100.00
007,00004,17.777378,6.00837,100.00
008,00004,16.955451,6.28852,100.00
009,00004,16.143177,6.34561,100.00
010,00004,16.005477,6.31173,100.00
011,00004,15.783467,6.36935,100.00
012,00004,15.585816,6.40081,100.00
013,00004,15.588740,6.39386,100.00
014,00004,15.446029,6.36683,100.00
015,00004,15.274684,6.31369,100.00
016,00005,15.268450,6.27410,100.00
017,00004,15.064643,6.20897,100.00
018,00004,14.936896,6.13773,100.00
019,00004,14.943603,6.06388,100.00
020,00004,14.875611,6.00735,100.00
021,00004,14.576113,5.96954,100.00
022,00004,14.544649,5.93575,100.00
023,00004,14.326652,5.89856,100.00
024,00004,14.253264,5.86243,100.00
025,00004,13.930454,5.82576,100.00
026,00004,13.706817,5.79278,100.00
027,00005,13.802151,5.75981,100.00
028,00004,13.555316,5.73111,100.00
029,00004,13.297745,5.70128,100.00
030,00004,13.247194,5.67491,100.00
031,00004,13.129566,5.65023,100.00
032,00004,12.956185,5.62308,100.00
033,00004,12.828579,5.59966,100.00
034,00004,12.723438,5.58052,100.00
035,00004,12.409344,5.56037,100.00
036,00004,12.162269,5.53939,100.00
037,00004,11.875106,5.52094,100.00
038,00004,11.832881,5.51033,100.00
039,00004,11.820617,5.50335,100.00
040,00004,11.581940,5.49835,100.00
041,00004,11.354381,5.49020,100.00
042,00004,11.115630,5.48062,100.00
043,00004,10.897614,5.47415,100.00
044,00004,10.890941,5.46663,100.00
045,00004,10.564965,5.46204,100.00
046,00004,10.489072,5.45837,100.00
047,00004,10.322355,5.45640,100.00
048,00004,10.109224,5.45486,100.00
049,00004,9.814135,5.45374,100.00
050,00004,9.557128,5.45148,100.00
051,00004,9.464411,5.45199,100.00
052,00004,9.262774,5.45074,100.00
053,00004,9.078299,5.45087,100.00
054,00004,8.776006,5.45104,100.00
055,00004,8.557589,5.45029,100.00
056,00005,8.482579,5.44934,100.00
057,00004,8.351368,5.44951,100.00
058,00004,7.997980,5.44963,100.00
059,00004,7.763701,5.45066,100.00
060,00004,7.583605,5.45090,100.00
061,00004,7.251684,5.45124,100.00
062,00004,7.194728,5.45220,100.00
063,00004,6.898303,5.45345,100.00
064,00004,6.709012,5.45416,100.00
065,00004,6.646023,5.45398,100.00
066,00004,6.405674,5.45332,100.00
067,00004,6.201270,5.45237,100.00
068,00004,6.087601,5.45173,100.00
069,00004,5.895674,5.45093,100.00
070,00004,5.638106,5.45070,100.00
071,00004,5.546937,5.45028,100.00
072,00004,5.432250,5.44996,100.00
073,00004,5.214338,5.44990,100.00
074,00004,5.054108,5.44942,100.00
075,00005,4.959793,5.44907,100.00
076,00004,4.924296,5.44832,100.00
077,00004,4.849596,5.44702,100.00
078,00004,4.646226,5.44606,100.00
079,00004,4.603007,5.44397,100.00
080,00004,4.487708,5.44277,100.00
081,00004,4.434709,5.44104,100.00
082,00004,4.346655,5.43971,100.00
083,00004,4.270885,5.43807,100.00
084,00004,4.216365,5.43673,100.00
085,00004,4.182575,5.43633,100.00
086,00004,4.138033,5.43503,100.00
087,00004,4.082161,5.43363,100.00
088,00004,4.044644,5.43299,100.00
089,00004,3.988767,5.43228,100.00
090,00004,3.913380,5.43091,100.00
091,00004,3.890012,5.42846,100.00
092,00004,3.896891,5.42634,100.00
093,00004,3.860983,5.42330,100.00
094,00004,3.807558,5.42074,100.00
095,00004,3.811793,5.42018,100.00
096,00004,3.808788,5.42122,100.00
097,00005,3.807741,5.42027,100.00
098,00004,3.734126,5.42078,100.00
099,00004,3.758189,5.42074,100.00
100,00004,3.713386,5.42089,100.00
101,00004,3.699534,5.42071,100.00
102,00004,3.694403,5.42109,100.00
103,00005,3.669926,5.42041,100.00
104,00004,3.659419,5.42100,100.00
105,00004,3.678874,5.42120,100.00
106,00004,3.625262,5.42193,100.00
107,00004,3.644420,5.42240,100.00
108,00004,3.631098,5.42218,100.00
109,00004,3.607043,5.42204,100.00
110,00004,3.609908,5.42171,100.00
111,00004,3.607607,5.41969,100.00
112,00004,3.606921,5.41906,100.00
113,00004,3.581770,5.41867,100.00
114,00004,3.595280,5.41857,100.00
115,00004,3.597087,5.41763,100.00
116,00004,3.560467,5.41652,100.00
117,00004,3.546871,5.41482,100.00
118,00004,3.587953,5.41225,100.00
119,00004,3.530538,5.40922,100.00
120,00004,3.573040,5.40538,100.00
121,00004,3.545532,5.40452,100.00
122,00004,3.521578,5.40414,100.00
123,00004,3.516851,5.40376,100.00
124,00004,3.517791,5.40327,100.00
125,00004,3.464930,5.40233,100.00
126,00004,3.546916,5.40103,100.00
127,00004,3.499446,5.40072,100.00
128,00004,3.460529,5.40080,100.00
129,00004,3.542435,5.40189,100.00
130,00004,3.527364,5.40198,100.00
131,00004,3.452053,5.40060,100.00
132,00004,3.426041,5.39948,100.00
133,00004,3.471296,5.39945,100.00
134,00004,3.438888,5.39864,100.00
135,00004,3.462604,5.39835,100.00
136,00004,3.448896,5.39989,100.00
137,00004,3.475238,5.40117,100.00
138,00004,3.416305,5.40087,100.00
139,00004,3.414413,5.39853,100.00
140,00004,3.421265,5.39571,100.00
141,00004,3.460472,5.39407,100.00
142,00004,3.406426,5.39261,100.00
143,00004,3.434300,5.39052,100.00
144,00004,3.447107,5.38716,100.00
145,00004,3.426642,5.38312,100.00
146,00004,3.380234,5.37857,100.00
147,00004,3.395954,5.37448,100.00
148,00004,3.368256,5.37156,100.00
149,00004,3.333665,5.36803,100.00
150,00004,3.426615,5.36414,100.00
151,00004,3.382794,5.36126,100.00
152,00004,3.372771,5.36057,100.00
153,00004,3.360751,5.36022,100.00
154,00004,3.358485,5.35954,100.00
155,00004,3.385235,5.35937,100.00
156,00004,3.341679,5.35796,100.00
157,00004,3.317500,5.35693,100.00
158,00004,3.337569,5.35543,100.00
159,00004,3.327897,5.35379,100.00
160,00004,3.338696,5.35119,100.00
161,00004,3.338134,5.34798,100.00
162,00004,3.341055,5.34361,100.00
163,00004,3.333567,5.34023,100.00
164,00004,3.333846,5.33808,100.00
165,00004,3.273147,5.33630,100.00
166,00004,3.273392,5.33458,100.00
167,00004,3.339983,5.33279,100.00
168,00004,3.269512,5.33268,100.00
169,00004,3.288698,5.33210,100.00
170,00004,3.291677,5.33088,100.00
171,00004,3.297533,5.32972,100.00
172,00004,3.274881,5.32965,100.00
173,00004,3.318543,5.33077,100.00
174,00004,3.256017,5.33056,100.00
175,00004,3.270916,5.33021,100.00
176,00004,3.280427,5.32962,100.00
177,00004,3.232005,5.32903,100.00
178,00004,3.221555,5.32840,100.00
179,00004,3.255386,5.32798,100.00
180,00004,3.145457,5.32611,100.00
181,00004,3.240484,5.32426,100.00
182,00004,3.259418,5.32436,100.00
183,00004,3.208703,5.32512,100.00
184,00004,3.209518,5.32503,100.00
185,00005,3.213469,5.32318,100.00
186,00005,3.194389,5.32105,100.00
187,00004,3.235569,5.31943,100.00
188,00004,3.193596,5.31940,100.00
189,00004,3.147826,5.32031,100.00
190,00004,3.220026,5.32048,100.00
191,00004,3.243847,5.32102,100.00
192,00004,3.188048,5.32169,100.00
193,00004,3.133886,5.32125,100.00
194,00004,3.138170,5.32158,100.00
195,00004,3.184242,5.32189,100.00
196,00004,3.230180,5.32142,100.00
197,00004,3.142163,5.32119,100.00
198,00004,3.170028,5.32086,100.00
199,00004,3.121918,5.31984,100.00
200,00005,3.139879,5.31840,100.00
201,00004,3.143465,5.31762,100.00
202,00004,3.160904,5.31735,100.00
203,00004,3.178871,5.31721,100.00
204,00004,3.117740,5.31690,100.00
205,00004,3.070857,5.31732,100.00
206,00004,3.100344,5.31740,100.00
207,00004,3.134515,5.31769,100.00
208,00005,3.054986,5.31857,100.00
209,00004,3.159074,5.31889,100.00
210,00004,3.099029,5.31798,100.00
211,00004,3.091328,5.31704,100.00
212,00004,3.136255,5.31607,100.00
213,00004,3.186651,5.31504,100.00
214,00004,3.066305,5.31465,100.00
215,00004,3.088192,5.31427,100.00
216,00004,3.119965,5.31472,100.00
217,00004,3.053931,5.31574,100.00
218,00004,3.083038,5.31731,100.00
219,00004,3.147584,5.31853,100.00
220,00004,3.041943,5.31908,100.00
221,00004,3.009900,5.32039,100.00
222,00004,3.081380,5.31964,100.00
223,00004,3.104098,5.31788,100.00
224,00004,3.056621,5.31618,100.00
225,00004,3.096372,5.31535,100.00
226,00004,3.007482,5.31491,100.00
227,00004,3.023548,5.31471,100.00
228,00004,3.099579,5.31556,100.00
229,00004,3.061764,5.31681,100.00
230,00004,3.007884,5.31762,100.00
231,00004,3.038698,5.31755,100.00
232,00004,3.078815,5.31632,100.00
233,00004,3.022837,5.31657,100.00
234,00004,2.944600,5.31680,100.00
235,00004,3.061898,5.31646,100.00
236,00004,2.987579,5.31540,100.00
237,00004,3.003592,5.31572,100.00
238,00004,2.990106,5.31609,100.00
239,00004,3.029142,5.31656,100.00
240,00004,2.990329,5.31797,100.00
241,00004,3.021287,5.31765,100.00
242,00004,3.045502,5.31691,100.00
243,00004,2.942626,5.31767,100.00
244,00004,2.991242,5.31755,100.00
245,00004,3.028112,5.31560,100.00
246,00004,2.970634,5.31436,100.00
247,00004,3.012908,5.31368,100.00
248,00004,2.925344,5.31494,100.00
249,00004,2.971207,5.31632,100.00
250,00004,2.942376,5.31735,100.00
251,00004,2.978285,5.31754,100.00
252,00004,2.999554,5.31681,100.00
253,00004,2.979803,5.31636,100.00
254,00004,2.955345,5.31478,100.00
255,00004,2.932010,5.31343,100.00
256,00004,2.950995,5.31329,100.00
257,00004,2.922136,5.31315,100.00
258,00004,3.012579,5.31269,100.00
259,00004,2.892245,5.31279,100.00
260,00004,2.939850,5.31310,100.00
261,00004,2.918436,5.31420,100.00
262,00004,2.934253,5.31346,100.00
263,00004,2.869636,5.31278,100.00
264,00004,2.903393,5.31261,100.00
265,00004,2.921691,5.31401,100.00
266,00004,2.937214,5.31564,100.00
267,00004,2.922426,5.31562,100.00
268,00004,2.927941,5.31630,100.00
269,00004,2.876705,5.31582,100.00
270,00004,2.893914,5.31545,100.00
271,00004,2.934685,5.31697,100.00
272,00004,2.900823,5.31818,100.00
273,00004,2.865781,5.31800,100.00
274,00004,2.830186,5.31893,100.00
275,00004,2.897592,5.31923,100.00
276,00004,2.924896,5.31974,100.00
277,00004,2.905906,5.31974,100.00
278,00004,2.867488,5.31869,100.00
279,00004,2.862653,5.31750,100.00
280,00004,2.945382,5.31621,100.00
281,00004,2.929756,5.31606,100.00
282,00004,2.881685,5.31664,100.00
283,00004,2.853367,5.31806,100.00
284,00004,2.916459,5.31895,100.00
285,00004,2.895079,5.31828,100.00
286,00004,2.873375,5.31934,100.00
287,00004,2.862889,5.32019,100.00
288,00005,2.833400,5.32031,100.00
289,00004,2.842329,5.31998,100.00
290,00004,2.829436,5.32022,100.00
291,00004,2.793820,5.32206,100.00
292,00004,2.811234,5.32318,100.00
293,00004,2.729381,5.32346,100.00
294,00004,2.826064,5.32285,100.00
295,00004,2.842322,5.32211,100.00
296,00004,2.803417,5.32037,100.00
297,00004,2.782004,5.31873,100.00
298,00004,2.835090,5.31780,100.00
299,00004,2.830270,5.31710,100.00
300,00004,2.824046,5.31664,100.00
301,00004,2.868632,5.31587,100.00
302,00004,2.837180,5.31512,100.00
303,00004,2.824991,5.31243,100.00
304,00004,2.829828,5.31118,100.00
305,00004,2.921650,5.30930,100.00
306,00004,2.781925,5.30922,100.00
307,00004,2.787677,5.31063,100.00
308,00004,2.768507,5.31229,100.00
309,00004,2.826749,5.31313,100.00
310,00004,2.800993,5.31474,100.00
311,00004,2.789395,5.31614,100.00
312,00004,2.762593,5.31659,100.00
313,00004,2.673153,5.31580,100.00
314,00004,2.796933,5.31294,100.00
315,00004,2.810224,5.31083,100.00
316,00004,2.786006,5.30997,100.00
317,00004,2.737165,5.30986,100.00
318,00004,2.774547,5.30820,100.00
319,00004,2.779301,5.30906,100.00
320,00004,2.779072,5.31083,100.00
321,00004,2.729096,5.31346,100.00
322,00004,2.792078,5.31648,100.00
323,00004,2.761426,5.31780,100.00
324,00004,2.750125,5.31780,100.00
325,00004,2.801559,5.31525,100.00
326,00004,2.725787,5.31111,100.00
327,00004,2.742651,5.31082,100.00
328,00004,2.712313,5.31135,100.00
329,00004,2.772060,5.31155,100.00
330,00004,2.747368,5.31290,100.00
331,00004,2.766416,5.31371,100.00
332,00004,2.617516,5.31258,100.00
333,00004,2.766758,5.31351,100.00
334,00004,2.676871,5.31324,100.00
335,00004,2.678366,5.31482,100.00
336,00004,2.734278,5.31524,100.00
337,00004,2.666199,5.31558,100.00
338,00004,2.639304,5.31756,100.00
339,00004,2.687788,5.31802,100.00
340,00004,2.611667,5.31822,100.00
341,00004,2.688938,5.31726,100.00
342,00004,2.734373,5.31789,100.00
343,00004,2.662570,5.31735,100.00
344,00004,2.725976,5.31631,100.00
345,00004,2.649975,5.31645,100.00
346,00004,2.733450,5.31353,100.00
347,00004,2.704359,5.31022,100.00
348,00004,2.671286,5.30981,100.00
349,00004,2.691676,5.31166,100.00
350,00004,2.722163,5.31187,100.00
351,00004,2.682513,5.31299,100.00
352,00004,2.653105,5.30887,99.99
353,00004,2.639957,5.30571,100.00
354,00004,2.686361,5.30893,100.00
355,00004,2.661355,5.31218,100.00
356,00004,2.722711,5.31445,100.00
357,00004,2.691538,5.31423,100.00
358,00004,2.696411,5.31390,100.00
359,00004,2.628637,5.31459,100.00
360,00004,2.579201,5.31561,100.00
361,00004,2.588762,5.31765,100.00
362,00004,2.636964,5.31780,100.00
363,00004,2.712252,5.31863,100.00
364,00004,2.668516,5.31790,100.00
365,00004,2.713404,5.31839,100.00
366,00004,2.702609,5.31897,100.00
367,00004,2.693148,5.32105,100.00
368,00004,2.610572,5.32084,100.00
369,00004,2.688927,5.32164,100.00
370,00004,2.601401,5.31995,100.00
371,00004,2.598625,5.31853,100.00
372,00004,2.642420,5.31749,100.00
373,00004,2.641110,5.31526,100.00
374,00004,2.548035,5.31275,100.00
375,00004,2.626562,5.31215,100.00
376,00005,2.631508,5.31177,99.99
377,00004,2.601862,5.30872,99.99
378,00004,2.658378,5.30722,99.99
379,00004,2.616812,5.30588,99.99
380,00004,2.585528,5.30747,99.99
381,00004,2.683797,5.31002,99.99
382,00004,2.639058,5.30996,99.99
383,00004,2.608857,5.31112,99.99
384,00004,2.627332,5.31353,99.99
385,00004,2.653953,5.31501,100.00
386,00004,2.622203,5.31584,100.00
387,00004,2.628943,5.31324,99.99
388,00004,2.675339,5.31290,99.99
389,00004,2.600950,5.31333,100.00
390,00004,2.672762,5.31141,99.98
391,00004,2.533334,5.31060,99.99
392,00004,2.567067,5.31261,99.99
393,00004,2.533080,5.31394,100.00
394,00004,2.544301,5.31190,100.00
395,00005,2.605650,5.31069,99.99
396,00004,2.578155,5.31316,100.00
397,00004,2.620927,5.31856,100.00
398,00004,2.625418,5.32173,100.00
399,00004,2.669364,5.32342,100.00
400,00004,2.652289,5.32268,100.00
401,00004,2.586248,5.31606,99.99
402,00004,2.522160,5.31254,99.99
403,00004,2.519874,5.31131,99.99
404,00004,2.628114,5.31405,99.98
405,00004,2.531929,5.31558,99.99
406,00004,2.566409,5.31354,99.98
407,00005,2.592123,5.31336,99.98
408,00004,2.512268,5.31460,99.98
409,00004,2.597733,5.31513,99.99
410,00004,2.478405,5.31520,100.00
411,00005,2.637891,5.31677,99.99
412,00004,2.578796,5.31945,99.99
413,00004,2.557787,5.32123,100.00
414,00004,2.554163,5.32175,99.99
415,00004,2.688569,5.32287,100.00
416,00004,2.518845,5.32344,100.00
417,00004,2.577604,5.32313,100.00
418,00004,2.535461,5.32227,100.00
419,00004,2.579521,5.32052,100.00
420,00004,2.541200,5.31984,100.00
421,00004,2.557954,5.31853,100.00
422,00004,2.549597,5.31641,100.00
423,00004,2.549986,5.31579,100.00
424,00004,2.519384,5.31581,100.00
425,00004,2.545131,5.31718,100.00
426,00004,2.540548,5.31906,100.00
427,00004,2.568394,5.32178,100.00
428,00004,2.515334,5.32273,100.00
429,00004,2.572854,5.31989,100.00
430,00004,2.486437,5.31900,100.00
431,00004,2.537903,5.32081,100.00
432,00004,2.542594,5.31979,99.99
433,00004,2.580346,5.32110,99.99
434,00004,2.601501,5.32211,99.99
435,00005,2.441002,5.32154,99.99
436,00004,2.567102,5.31918,99.99
437,00004,2.538143,5.31783,99.99
438,00004,2.550257,5.31986,100.00
439,00004,2.522522,5.32017,100.00
440,00004,2.545190,5.32206,100.00
441,00004,2.570404,5.32186,99.99
442,00004,2.486081,5.32267,100.00
443,00004,2.531186,5.32406,99.99
444,00004,2.476996,5.32615,100.00
445,00004,2.555606,5.32822,100.00
446,00004,2.499007,5.32716,99.99
447,00004,2.552903,5.32612,99.99
448,00004,2.408741,5.32748,100.00
449,00004,2.454333,5.32687,100.00
450,00004,2.462641,5.32970,100.00
451,00004,2.543762,5.33118,100.00
452,00004,2.498663,5.32951,100.00
453,00004,2.437109,5.32925,100.00
454,00005,2.483684,5.32873,100.00
455,00004,2.487457,5.32856,100.00
456,00004,2.438110,5.32829,100.00
457,00004,2.392209,5.32771,100.00
458,00004,2.478399,5.32698,100.00
459,00004,2.472322,5.32454,99.99
460,00004,2.524076,5.32509,100.00
461,00004,2.472845,5.32547,100.00
462,00004,2.421203,5.32274,100.00
463,00004,2.430328,5.31804,100.00
464,00004,2.468052,5.31653,100.00
465,00004,2.439075,5.31778,100.00
466,00004,2.443374,5.32350,100.00
467,00004,2.424389,5.32828,100.00
468,00004,2.518690,5.33002,100.00
469,00004,2.497196,5.32851,100.00
470,00004,2.447369,5.33016,100.00
471,00004,2.433668,5.33007,100.00
472,00004,2.490165,5.33222,100.00
473,00004,2.476579,5.33128,100.00
474,00004,2.502485,5.33115,100.00
475,00004,2.413136,5.33233,100.00
476,00004,2.454604,5.33185,100.00
477,00004,2.395601,5.33293,100.00
478,00004,2.525913,5.33348,100.00
479,00004,2.499453,5.33223,100.00
480,00004,2.467319,5.33418,100.00
481,00004,2.427901,5.33642,100.00
482,00004,2.523705,5.33768,99.99
483,00004,2.443022,5.33445,99.99
484,00004,2.526323,5.33303,99.99
485,00004,2.455714,5.33037,99.99
486,00004,2.393214,5.32700,99.99
487,00004,2.434714,5.32484,99.99
488,00004,2.484671,5.32464,99.98
489,00004,2.402510,5.32540,99.98
490,00004,2.451596,5.32741,99.98
491,00004,2.443272,5.32809,99.98
492,00004,2.463855,5.32860,99.98
493,00004,2.510235,5.32562,100.00
494,00004,2.428598,5.32186,100.00
495,00004,2.445917,5.31847,99.99
496,00004,2.476106,5.31571,99.99
497,00004,2.513397,5.31307,99.99
498,00004,2.418576,5.31317,99.99
499,00004,2.428649,5.31478,99.99
500,00004,2.459362,5.31838,99.99
501,00004,2.413560,5.32040,99.99
502,00004,2.461755,5.32322,100.00
503,00004,2.460248,5.32615,100.00
504,00004,2.444158,5.32605,100.00
505,00004,2.435781,5.32542,99.99
506,00004,2.397299,5.32575,99.99
507,00004,2.428324,5.32639,99.99
508,00004,2.436288,5.32661,99.99
509,00004,2.463128,5.32567,99.99
510,00005,2.399286,5.32950,99.99
511,00004,2.312357,5.33082,99.99
512,00004,2.467667,5.33236,99.99
513,00004,2.419648,5.33294,99.99
514,00004,2.383770,5.33070,99.99
515,00004,2.365567,5.32905,99.99
516,00004,2.350962,5.32612,99.99
517,00004,2.437146,5.32393,99.99
518,00004,2.436081,5.31976,99.99
519,00004,2.389879,5.31475,99.98
520,00004,2.438435,5.31356,99.97
521,00004,2.460209,5.31686,99.99
522,00004,2.419028,5.31940,99.99
523,00004,2.370395,5.32526,99.99
524,00004,2.433310,5.32868,100.00
525,00004,2.374851,5.32913,100.00
526,00004,2.526326,5.32550,99.99
527,00004,2.392765,5.32214,99.99
528,00004,2.479934,5.31895,99.99
529,00004,2.302616,5.31799,100.00
530,00004,2.445466,5.31979,99.98
531,00004,2.364269,5.31894,99.99
532,00004,2.381886,5.31714,99.99
533,00004,2.313428,5.31446,99.99
534,00004,2.349920,5.31678,99.98
535,00004,2.351620,5.31685,99.98
536,00005,2.326905,5.32020,99.98
537,00005,2.405490,5.32458,99.99
538,00004,2.325500,5.32873,99.99
539,00004,2.312992,5.33379,100.00
540,00005,2.383598,5.33667,100.00
541,00004,2.347632,5.33569,100.00
542,00004,2.346574,5.33284,100.00
543,00004,2.359475,5.33144,100.00
544,00004,2.439293,5.32945,100.00
545,00004,2.289458,5.32685,100.00
546,00004,2.300851,5.32198,99.98
547,00004,2.359522,5.31879,99.99
548,00004,2.282252,5.31784,99.99
549,00004,2.407581,5.31681,99.99
550,00004,2.386967,5.31434,99.99
551,00004,2.374717,5.31301,99.99
552,00005,2.399325,5.31529,99.99
553,00004,2.321231,5.31694,99.99
554,00004,2.344211,5.31957,99.99
555,00004,2.373219,5.31998,100.00
556,00004,2.292724,5.31384,99.99
557,00004,2.323132,5.30871,99.99
558,00004,2.346764,5.30506,99.99
559,00004,2.396119,5.30365,99.99
560,00004,2.368182,5.30598,99.99
561,00004,2.369187,5.30503,99.99
562,00004,2.399315,5.30483,99.98
563,00004,2.419512,5.30930,99.98
564,00004,2.334878,5.31226,99.99
565,00004,2.398094,5.31295,99.99
566,00004,2.361228,5.31399,99.98
567,00004,2.314641,5.31582,99.99
568,00004,2.315136,5.32124,99.99
569,00004,2.391125,5.32835,100.00
570,00004,2.320510,5.33130,99.99
571,00004,2.346859,5.33349,99.99
572,00004,2.418423,5.33012,99.98
573,00004,2.321025,5.32459,99.98
574,00004,2.327396,5.32321,99.99
575,00004,2.224127,5.32953,99.98
576,00004,2.270955,5.33673,99.99
577,00004,2.281346,5.33929,100.00
578,00004,2.333438,5.33798,100.00
579,00004,2.322511,5.33221,100.00
580,00004,2.309452,5.32937,99.99
581,00004,2.341602,5.32636,99.99
582,00004,2.304290,5.32256,99.99
583,00004,2.355664,5.31964,99.98
584,00004,2.390659,5.31790,99.98
585,00004,2.331431,5.31779,99.98
586,00004,2.316537,5.31827,99.98
587,00004,2.313245,5.31976,99.99
588,00005,2.272662,5.32111,99.99
589,00004,2.219793,5.32347,99.99
590,00004,2.372910,5.32682,99.99
591,00004,2.289052,5.33065,99.99
592,00004,2.318206,5.32906,99.99
593,00004,2.309413,5.32752,99.98
594,00004,2.338142,5.32489,99.98
595,00004,2.271579,5.32397,99.98
596,00004,2.271233,5.32344,99.99
597,00004,2.339782,5.32180,99.98
598,00004,2.298332,5.32249,99.99
599,00004,2.308998,5.32478,99.99
600,00004,2.183228,5.32755,99.99
601,00004,2.331788,5.32763,99.98
602,00004,2.199638,5.32696,99.98
603,00004,2.291802,5.32530,99.98
604,00004,2.311942,5.32415,99.98
605,00004,2.286978,5.32162,99.98
606,00004,2.345729,5.31579,99.98
607,00004,2.331584,5.31205,99.97
608,00004,2.211104,5.31285,99.97
609,00004,2.302579,5.31036,99.96
610,00004,2.302809,5.31172,99.96
611,00004,2.196032,5.31809,99.98
612,00004,2.280636,5.32104,99.98
613,00004,2.290503,5.32292,99.98
614,00004,2.256000,5.32614,99.98
615,00004,2.341991,5.32499,99.97
616,00004,2.267623,5.32236,99.98
617,00004,2.308993,5.31963,99.98
618,00004,2.274524,5.31890,99.98
619,00004,2.327479,5.31662,99.98
620,00004,2.265538,5.31457,99.98
621,00004,2.267564,5.31341,99.98
622,00004,2.277376,5.31100,99.98
623,00004,2.295363,5.31158,99.98
624,00004,2.330796,5.31417,99.98
625,00004,2.192259,5.31482,99.99
626,00004,2.336878,5.31502,99.99
627,00004,2.272964,5.31299,99.98
628,00004,2.314835,5.31637,99.98
629,00004,2.323787,5.32077,99.98
630,00004,2.256630,5.32429,99.98
631,00004,2.246155,5.32882,99.98
632,00004,2.211549,5.33161,99.98
633,00004,2.424558,5.32871,99.98
634,00004,2.333791,5.32590,99.98
635,00005,2.257505,5.32287,99.99
636,00004,2.275373,5.31933,99.98
637,00004,2.276836,5.32160,99.98
638,00004,2.345342,5.32478,99.98
639,00004,2.354603,5.32646,99.98
640,00004,2.161157,5.32765,99.98
641,00005,2.292676,5.32883,99.97
642,00004,2.257561,5.32771,99.98
643,00004,2.219255,5.32778,99.98
644,00004,2.220552,5.32538,99.99
645,00004,2.305905,5.32527,99.98
646,00004,2.329435,5.32630,99.99
647,00004,2.226881,5.32589,99.99
648,00004,2.225988,5.32643,99.98
649,00004,2.261690,5.32977,99.98
650,00004,2.259336,5.33507,99.98
651,00004,2.263721,5.34113,99.98
652,00004,2.231664,5.34250,99.98
653,00004,2.261346,5.34008,99.99
654,00004,2.317843,5.33961,99.99
655,00004,2.241925,5.33778,99.99
656,00004,2.307068,5.33271,99.98
657,00004,2.311449,5.33305,99.98
658,00004,2.163609,5.33139,99.98
659,00004,2.175256,5.33122,99.98
660,00004,2.217321,5.33246,99.98
661,00004,2.201158,5.33219,99.98
662,00004,2.305482,5.33152,99.98
663,00004,2.195294,5.33213,99.98
664,00004,2.174175,5.33150,99.98
665,00004,2.133105,5.32856,99.98
666,00004,2.231102,5.32438,99.98
667,00004,2.219560,5.31965,99.98
668,00004,2.172040,5.31565,99.98
669,00004,2.216075,5.31212,99.98
670,00004,2.323584,5.31274,99.98
671,00004,2.199350,5.31172,99.98
672,00004,2.203958,5.31149,99.97
673,00004,2.277637,5.31232,99.98
674,00004,2.325885,5.31389,99.98
675,00004,2.177031,5.31688,99.98
676,00004,2.292899,5.31824,99.98
677,00004,2.228977,5.32101,99.98
678,00004,2.216971,5.32133,99.98
679,00004,2.249307,5.32413,99.98
680,00004,2.217497,5.32910,99.98
681,00004,2.198236,5.33083,99.98
682,00004,2.261596,5.32641,99.98
683,00004,2.114972,5.32255,99.96
684,00004,2.261098,5.32248,99.97
685,00004,2.228564,5.32593,99.97
686,00004,2.190032,5.32571,99.97
687,00004,2.124024,5.32384,99.98
688,00004,2.249826,5.32400,99.98
689,00006,2.177679,5.32655,99.99
690,00004,2.233349,5.32693,99.99
691,00004,2.191169,5.32809,99.99
692,00004,2.219064,5.32810,99.99
693,00004,2.153929,5.32741,99.98
694,00004,2.215835,5.32701,99.98
695,00004,2.167584,5.33520,99.98
696,00004,2.205724,5.34048,99.98
697,00004,2.285220,5.34093,99.99
698,00004,2.246996,5.34236,99.99
699,00004,2.140582,5.33924,99.99
700,00004,2.281706,5.33841,99.99
701,00004,2.224430,5.34088,99.98
702,00004,2.220458,5.34264,99.99
703,00004,2.213745,5.33943,99.98
704,00004,2.260403,5.33536,99.98
705,00004,2.187905,5.33309,99.98
706,00004,2.208840,5.33049,99.98
707,00004,2.217153,5.32957,99.99
708,00005,2.245101,5.32778,99.99
709,00004,2.158403,5.32547,99.98
710,00004,2.192077,5.32349,99.98
711,00004,2.241450,5.32117,99.97
712,00004,2.260964,5.32588,99.98
713,00004,2.256533,5.33169,99.98
714,00004,2.193318,5.33388,99.98
715,00004,2.176480,5.33204,99.98
716,00004,2.231500,5.33268,99.98
717,00004,2.164619,5.33635,100.00
718,00004,2.191785,5.33820,99.99
719,00005,2.200049,5.34183,99.99
720,00004,2.156386,5.34213,99.99
721,00004,2.256098,5.34293,99.99
722,00004,2.171408,5.34176,99.98
723,00004,2.223096,5.34154,99.98
724,00004,2.251257,5.34242,99.98
725,00004,2.132214,5.34510,99.99
726,00004,2.176194,5.34475,99.99
727,00004,2.135468,5.34147,99.99
728,00004,2.172587,5.33482,99.99
729,00004,2.254604,5.33552,99.99
730,00004,2.212142,5.33356,99.99
731,00004,2.206138,5.33559,99.99
732,00004,2.167235,5.33685,99.99
733,00004,2.209334,5.33884,99.99
734,00004,2.111658,5.34014,99.99
735,00004,2.203102,5.34055,99.99
736,00004,2.139761,5.34014,99.98
737,00004,2.204642,5.34116,99.98
738,00004,2.164599,5.34193,99.99
739,00004,2.153105,5.33625,99.98
740,00004,2.232825,5.33445,99.99
741,00004,2.171604,5.33701,99.98
742,00005,2.148320,5.34380,99.99
743,00004,2.171747,5.34340,99.98
744,00004,2.060323,5.34101,99.98
745,00004,2.177343,5.34168,99.98
746,00004,2.161830,5.34234,99.98
747,00004,2.185234,5.33929,99.98
748,00004,2.218438,5.33685,99.98
749,00004,2.059121,5.33759,99.98
750,00004,2.235168,5.33892,99.98
751,00004,2.147137,5.33950,99.98
752,00004,2.195462,5.34106,99.99
753,00004,2.158266,5.34064,99.98
754,00004,2.158389,5.33976,99.99
755,00004,2.250676,5.34003,99.98
756,00004,2.159305,5.33969,99.98
757,00004,2.113355,5.34460,99.98
758,00004,2.068148,5.34991,99.98
759,00004,2.125194,5.35388,99.98
760,00004,2.203790,5.35992,99.99
761,00004,2.113169,5.36017,99.98
762,00004,2.118095,5.36209,99.99
763,00004,2.127454,5.36279,99.99
764,00004,2.182163,5.36047,99.99
765,00004,2.180115,5.35915,99.99
766,00004,2.179151,5.35915,99.99
767,00004,2.048291,5.35874,99.99
768,00004,2.186052,5.35908,99.99
769,00004,2.116356,5.35550,99.99
770,00004,2.226567,5.35116,99.99
771,00004,2.121368,5.34899,99.99
772,00004,2.140600,5.34853,99.98
773,00004,2.241822,5.34907,99.98
774,00004,2.146483,5.34897,99.98
775,00004,2.080964,5.34430,99.98
776,00004,2.132353,5.34445,99.98
777,00004,2.176340,5.33962,99.98
778,00004,2.067450,5.34065,99.98
779,00004,2.196176,5.34179,99.98
780,00004,2.213242,5.33905,99.98
781,00004,2.066750,5.33569,99.98
782,00004,2.213969,5.33236,99.98
783,00004,2.102595,5.33279,99.98
784,00004,2.195261,5.33164,99.98
785,00004,2.204588,5.32641,99.97
786,00004,2.088828,5.32730,99.98
787,00004,2.087500,5.32785,99.97
788,00004,2.129405,5.33422,99.98
789,00004,2.094800,5.33846,99.97
790,00004,2.117119,5.34403,99.99
791,00004,2.091050,5.34336,99.99
792,00004,2.175327,5.34117,99.98
793,00004,2.127712,5.34093,99.98
794,00004,2.079991,5.33835,99.98
795,00004,2.142714,5.34075,99.98
796,00004,2.079165,5.34302,99.98
797,00004,2.104996,5.34296,99.98
798,00004,2.053515,5.33982,99.98
799,00004,2.179405,5.33520,99.98
800,00004,2.138133,5.33234,99.98
801,00004,2.118905,5.33361,99.98
802,00004,2.099470,5.33667,99.98
803,00004,2.077636,5.34260,99.98
804,00004,2.097271,5.34722,99.98
805,00004,2.116269,5.34781,99.98
806,00004,2.101044,5.34888,99.98
807,00004,2.123029,5.34611,99.98
808,00004,2.109088,5.34817,99.98
809,00004,2.170419,5.35170,99.98
810,00004,2.059303,5.35491,99.98
811,00004,2.187995,5.35704,99.98
812,00004,2.213619,5.35840,99.98
813,00004,2.162739,5.35389,99.98
814,00004,2.158717,5.34626,99.99
815,00004,2.138905,5.34351,99.99
816,00004,2.169246,5.34053,99.99
817,00005,2.067227,5.33795,99.99
818,00004,2.061651,5.34418,99.99
819,00004,2.095984,5.34628,99.99
820,00004,2.133622,5.34864,99.99
821,00004,2.100682,5.34278,99.99
822,00005,2.201490,5.34244,99.99
823,00004,2.155831,5.34116,99.99
824,00004,2.076213,5.34246,99.99
825,00004,2.030045,5.34333,99.99
826,00004,2.119818,5.34348,99.99
827,00004,2.090050,5.34326,99.99
828,00004,2.097636,5.34690,99.99
829,00004,2.055607,5.35031,99.99
830,00004,2.131652,5.35210,99.99
831,00004,2.105438,5.35466,99.99
832,00004,2.076107,5.35351,99.99
833,00004,2.116108,5.34948,99.99
834,00004,2.127359,5.34672,99.99
835,00004,2.170321,5.34451,99.99
836,00004,2.135573,5.34431,99.99
837,00004,2.064358,5.34289,99.99
838,00004,1.989731,5.34265,99.99
839,00004,2.098325,5.34166,99.98
840,00004,2.050766,5.33951,99.99
841,00004,2.114240,5.34014,99.99
842,00004,2.033174,5.34547,99.99
843,00004,2.087391,5.34474,99.99
844,00004,2.059303,5.34310,99.99
845,00004,2.016736,5.34272,99.99
846,00004,2.013101,5.34268,99.99
847,00004,2.094357,5.34490,99.99
848,00004,2.097012,5.34613,99.99
849,00004,2.075307,5.34532,99.99
850,00004,2.127774,5.34619,99.99
851,00004,2.109781,5.34688,99.99
852,00004,2.134718,5.33910,99.99
853,00004,2.102058,5.33015,99.98
854,00004,2.075472,5.32808,99.98
855,00004,2.037842,5.32892,99.98
856,00004,2.084575,5.33050,99.98
857,00004,2.180772,5.33337,99.98
858,00004,2.067770,5.33385,99.98
859,00004,2.098933,5.33689,99.99
860,00006,2.153975,5.34178,99.99
861,00005,2.138895,5.34210,99.99
862,00004,2.063749,5.34544,99.99
863,00004,2.101947,5.34951,99.99
864,00005,2.059874,5.35125,99.99
865,00004,2.106039,5.35058,99.99
866,00004,2.122410,5.34358,99.98
867,00004,2.083046,5.34009,99.98
868,00004,2.076947,5.33672,99.98
869,00005,2.037317,5.33512,99.98
870,00004,2.126732,5.33537,99.98
871,00005,2.059069,5.33452,99.98
872,00004,2.064563,5.33667,99.98
873,00004,2.055318,5.33889,99.98
874,00004,2.101846,5.33651,99.98
875,00004,2.121949,5.33656,99.98
876,00004,1.982438,5.33774,99.98
877,00005,2.202927,5.34124,99.98
878,00005,2.095513,5.34493,99.98
879,00004,2.069831,5.34766,99.98
880,00004,2.045005,5.34384,99.98
881,00004,2.035697,5.33577,99.98
882,00004,2.044225,5.33754,99.97
883,00004,2.106736,5.33689,99.97
884,00004,2.042759,5.33394,99.97
885,00004,2.027784,5.33660,99.97
886,00004,2.143875,5.33906,99.97
887,00004,2.113973,5.34843,99.98
888,00004,2.063814,5.35202,99.98
889,00004,1.983145,5.35035,99.98
890,00004,2.052737,5.34750,99.99
891,00004,2.075345,5.34567,99.99
892,00004,2.021407,5.34149,99.99
893,00004,2.086666,5.33611,99.98
894,00004,2.111121,5.33039,99.98
895,00004,2.117506,5.33020,99.98
896,00004,2.071123,5.33208,99.98
897,00004,2.098327,5.33712,99.98
898,00004,2.060373,5.33886,99.98
899,00004,2.107293,5.33828,99.98
900,00004,2.035345,5.33906,99.98
901,00004,1.997689,5.34024,99.98
902,00004,2.038722,5.34231,99.98
903,00004,1.973246,5.34614,99.99
904,00004,2.135141,5.34876,99.99
905,00004,2.081282,5.34767,99.99
906,00004,2.063810,5.34995,99.99
907,00004,2.088156,5.35009,99.99
908,00004,1.977788,5.34679,99.99
909,00004,1.988744,5.34965,99.99
910,00004,2.003221,5.35309,99.99
911,00004,2.077440,5.35036,99.99
912,00005,2.029786,5.34807,99.99
913,00004,2.091996,5.35131,99.99
914,00004,2.073016,5.34646,99.99
915,00004,2.112311,5.34118,99.99
916,00004,2.051214,5.33166,99.99
917,00004,2.030510,5.33263,99.99
918,00004,2.054201,5.33740,99.98
919,00004,2.001632,5.34737,99.98
920,00004,1.977044,5.35478,99.99
921,00004,2.038396,5.36114,100.00
922,00004,2.061262,5.36363,100.00
923,00004,2.088839,5.36310,99.99
924,00004,2.087017,5.36059,99.99
925,00004,2.059098,5.36021,99.99
926,00004,2.030957,5.36153,99.99
927,00004,2.031335,5.36530,99.99
928,00004,2.009377,5.36968,99.99
929,00004,2.028609,5.36919,99.99
930,00004,2.048439,5.36698,99.98
931,00004,2.037412,5.36559,99.98
932,00004,2.047092,5.36462,99.99
933,00004,2.069840,5.36089,99.99
934,00004,1.964065,5.35950,99.99
935,00004,2.032832,5.35838,99.98
936,00004,2.024262,5.35145,99.97
937,00004,1.989589,5.34958,99.97
938,00004,2.057028,5.34792,99.98
939,00004,2.103631,5.34553,99.97
940,00004,2.013480,5.34707,99.98
941,00004,2.031625,5.34639,99.99
942,00004,2.005692,5.35351,99.99
943,00004,2.061501,5.35782,99.99
944,00004,2.093485,5.36189,99.99
945,00004,2.069361,5.36880,99.99
946,00004,2.075695,5.36692,99.99
947,00004,1.971783,5.36519,99.99
948,00004,1.958477,5.36231,99.99
949,00004,2.048191,5.36200,99.99
950,00004,1.938397,5.36606,100.00
951,00004,2.005284,5.36599,99.99
952,00004,1.990555,5.36851,99.99
953,00004,2.071475,5.37330,99.99
954,00004,2.034379,5.37977,100.00
955,00004,2.015261,5.37833,99.99
956,00004,1.993294,5.37948,99.99
957,00004,1.959497,5.38043,100.00
958,00004,2.027470,5.37739,99.98
959,00004,1.992605,5.37264,99.98
960,00004,1.941706,5.36538,99.99
961,00004,2.023356,5.36628,99.99
962,00005,2.004808,5.36198,99.98
963,00005,1.970972,5.36363,99.98
964,00005,1.951892,5.37043,99.98
965,00005,1.891908,5.37018,99.98
966,00005,2.087389,5.37243,99.98
967,00005,2.057216,5.37232,99.99
968,00005,2.008319,5.36820,99.98
969,00005,1.983163,5.36719,99.98
970,00005,2.083402,5.36561,99.98
971,00005,2.108163,5.36994,99.98
972,00005,1.954617,5.36927,99.97
973,00005,1.970034,5.36532,99.97
974,00005,2.071200,5.36303,99.97
975,00005,1.979574,5.36791,99.97
976,00005,1.973959,5.37014,99.98
977,00004,1.983260,5.37128,99.98
978,00004,2.003403,5.37328,99.98
979,00004,1.985430,5.37836,99.98
980,00004,2.112677,5.38006,99.98
981,00004,2.041515,5.37909,99.98
982,00004,1.915564,5.37616,99.98
983,00004,2.039187,5.37258,99.98
984,00004,2.050162,5.37083,99.98
985,00004,1.923885,5.37140,99.98
986,00004,1.974271,5.37159,99.97
987,00004,1.896397,5.37320,99.97
988,00004,2.054355,5.37315,99.98
989,00004,2.097293,5.37500,99.97
990,00005,2.022881,5.37338,99.97
991,00005,1.936808,5.37475,99.97
992,00004,2.023995,5.37650,99.97
993,00004,2.076465,5.37248,99.97
994,00004,2.080314,5.36900,99.97
995,00004,2.033956,5.36313,99.97
996,00004,2.078529,5.35604,99.97
997,00004,1.949226,5.35542,99.98
998,00004,2.087506,5.35660,99.98
999,00004,1.863324,5.36079,99.98
1000,00004,1.989438,5.36525,99.98
1001,00004,1.949698,5.36705,99.98
1002,00004,2.059380,5.37004,99.98
1003,00004,2.014492,5.37779,99.98
1004,00004,2.014661,5.38483,99.99
1005,00004,2.010487,5.38933,99.98
1006,00004,2.012397,5.38729,99.98
1007,00004,1.919189,5.37918,99.98
1008,00004,2.028372,5.37852,99.98
1009,00004,1.984710,5.37444,99.99
1010,00004,2.021483,5.37395,99.98
1011,00004,1.977868,5.37714,99.98
1012,00004,2.064176,5.37654,99.98
1013,00004,1.910098,5.38330,99.99
1014,00004,1.878774,5.38134,99.98
1015,00004,1.983442,5.37486,99.98
1016,00004,1.923013,5.37079,99.98
1017,00004,1.960986,5.36804,99.98
1018,00004,1.984343,5.36293,99.98
1019,00005,1.936200,5.36301,99.99
1020,00004,1.953506,5.36253,99.99
1021,00004,1.982966,5.36598,99.99
1022,00004,1.916002,5.36659,99.99
1023,00004,1.990348,5.37070,99.99
1024,00004,1.970279,5.37131,99.99
1025,00004,1.970867,5.36559,99.98
1026,00004,1.927259,5.36189,99.98
1027,00004,1.965345,5.36692,99.98
1028,00004,2.031852,5.37021,99.98
1029,00004,2.041281,5.37766,99.99
1030,00004,1.946547,5.38101,99.99
1031,00004,1.952090,5.38632,99.99
1032,00004,1.952763,5.38325,99.99
1033,00005,2.027529,5.37980,99.99
1034,00005,2.002541,5.37519,99.99
1035,00004,1.915013,5.37148,99.99
1036,00004,1.911683,5.36437,99.99
1037,00004,1.988519,5.35804,99.99
1038,00005,1.950174,5.35144,99.98
1039,00004,1.941284,5.35203,99.98
1040,00004,1.984721,5.35663,99.98
1041,00004,1.904204,5.36626,99.98
1042,00004,2.012916,5.37347,99.99
1043,00004,1.985466,5.37469,99.99
1044,00005,1.962875,5.37509,99.99
1045,00004,2.006358,5.37728,99.99
1046,00004,1.938551,5.37526,99.99
1047,00004,1.954923,5.37575,99.99
1048,00004,1.932098,5.37573,99.99
1049,00004,1.964249,5.37515,99.99
1050,00004,2.017311,5.37980,99.99
1051,00004,1.932387,5.38242,99.99
1052,00004,1.896178,5.37901,99.99
1053,00004,2.063138,5.36935,99.99
1054,00004,1.977393,5.35929,99.99
1055,00005,1.903234,5.35471,99.99
1056,00004,2.022230,5.34986,99.98
1057,00004,2.012402,5.34948,99.98
1058,00004,1.927937,5.35439,99.98
1059,00004,1.977354,5.36117,99.98
1060,00004,2.071280,5.37196,99.98
1061,00004,1.960661,5.37642,99.98
1062,00004,1.948716,5.37410,99.98
1063,00004,2.015506,5.37024,99.97
1064,00004,1.979062,5.36679,99.97
1065,00004,2.043356,5.36853,99.98
1066,00004,2.065099,5.36612,99.97
1067,00004,1.942752,5.36671,99.97
1068,00004,1.982121,5.36575,99.97
1069,00004,1.996691,5.36987,99.97
1070,00004,1.977880,5.37639,99.97
1071,00004,2.039657,5.38252,99.98
1072,00004,1.943606,5.38582,99.98
1073,00004,1.962414,5.38230,99.97
1074,00004,2.031750,5.38162,99.97
1075,00004,2.004113,5.37561,99.97
1076,00005,1.985103,5.36899,99.97
1077,00004,1.943287,5.36460,99.97
1078,00004,1.926151,5.36727,99.96
1079,00004,1.927638,5.37208,99.96
1080,00005,1.871161,5.37487,99.97
1081,00005,1.950204,5.38157,99.97
1082,00004,2.041917,5.38204,99.97
1083,00004,1.944753,5.37844,99.97
1084,00004,1.941396,5.37852,99.97
1085,00004,1.882454,5.37317,99.97
1086,00004,1.917900,5.36726,99.97
1087,00004,1.969359,5.36177,99.98
1088,00004,1.969554,5.35900,99.98
1089,00004,2.006942,5.35059,99.98
1090,00004,2.049981,5.34736,99.98
1091,00004,2.027035,5.34206,99.98
1092,00004,1.959151,5.34532,99.98
1093,00004,1.956591,5.34467,99.98
1094,00004,1.933649,5.34702,99.98
1095,00004,1.952771,5.34886,99.98
1096,00004,1.992490,5.34620,99.98
1097,00004,1.976173,5.33887,99.97
1098,00004,1.947439,5.33175,99.97
1099,00004,1.974242,5.32840,99.97
1100,00004,1.967210,5.33353,99.97
1101,00004,1.976299,5.34090,99.97
1102,00004,1.983383,5.35071,99.98
1103,00004,1.901161,5.35728,99.98
1104,00004,1.981625,5.36109,99.98
1105,00004,1.890298,5.36692,99.98
1106,00004,1.909948,5.37092,99.98
1107,00004,1.903267,5.36982,99.98
1108,00004,1.992218,5.37122,99.98
1109,00004,1.929756,5.36785,99.98
1110,00004,1.934970,5.37087,99.98
1111,00004,1.959476,5.36630,99.98
1112,00004,1.851118,5.36177,99.98
1113,00004,1.999640,5.35367,99.97
1114,00004,1.897119,5.35147,99.97
1115,00005,1.936331,5.35457,99.98
1116,00004,1.978168,5.36142,99.98
1117,00004,1.963588,5.36824,99.98
1118,00004,1.913532,5.37136,99.98
1119,00004,1.929866,5.37015,99.97
1120,00004,1.870686,5.36937,99.98
1121,00004,1.909337,5.36845,99.98
1122,00004,1.919842,5.36059,99.98
1123,00004,1.865077,5.35510,99.97
1124,00004,1.894077,5.35652,99.97
1125,00004,1.856111,5.36116,99.97
1126,00004,1.872101,5.36559,99.97
1127,00004,1.904267,5.37112,99.97
1128,00004,1.885680,5.38097,99.99
1129,00004,1.911234,5.38292,99.99
1130,00004,1.880525,5.37953,99.98
1131,00005,1.941919,5.37735,99.98
1132,00004,1.920713,5.37713,99.97
1133,00004,1.954278,5.38163,99.97
1134,00004,1.901858,5.38259,99.97
1135,00004,1.966327,5.38465,99.98
1136,00004,1.925672,5.38791,99.98
1137,00004,1.921185,5.39144,99.97
1138,00004,1.902485,5.38974,99.97
1139,00004,1.938140,5.38473,99.97
1140,00004,1.903603,5.38425,99.97
1141,00004,1.836234,5.37700,99.98
1142,00004,1.962210,5.37056,99.97
1143,00004,1.904584,5.37118,99.97
1144,00004,1.956711,5.36936,99.97
1145,00005,1.903034,5.36309,99.97
1146,00004,1.954883,5.36639,99.97
1147,00004,1.927411,5.36925,99.97
1148,00004,1.945184,5.37260,99.99
1149,00004,1.960049,5.37199,99.98
1150,00004,1.982459,5.36731,99.98
1151,00004,1.840825,5.36440,99.98
1152,00004,1.897825,5.35447,99.97
1153,00004,1.922135,5.34897,99.97
1154,00004,1.916280,5.34675,99.97
1155,00004,1.862937,5.34732,99.97
1156,00004,1.974715,5.34348,99.97
1157,00004,1.856327,5.35011,99.97
1158,00004,1.896978,5.36155,99.97
1159,00005,1.969867,5.37046,99.99
1160,00004,2.000880,5.37623,99.99
1161,00004,1.888924,5.38857,100.00
1162,00004,1.968988,5.39947,100.00
1163,00004,1.934808,5.40471,100.00
1164,00004,1.955252,5.40187,100.00
1165,00004,1.873017,5.39584,100.00
1166,00004,1.894307,5.39687,100.00
1167,00004,1.905117,5.39606,100.00
1168,00005,2.055189,5.39287,100.00
1169,00004,1.873037,5.38477,100.00
1170,00004,1.929814,5.37952,100.00
1171,00004,1.974699,5.36927,99.99
1172,00004,1.898306,5.36159,99.98
1173,00005,1.861839,5.36025,99.97
1174,00004,2.016025,5.36057,99.97
1175,00004,1.887473,5.36308,99.98
1176,00004,1.999859,5.36287,99.99
1177,00005,1.933254,5.36224,99.97
1178,00004,1.884516,5.36312,99.97
1179,00004,1.940795,5.36745,99.97
1180,00004,1.889529,5.36653,99.97
1181,00004,1.902748,5.36716,99.97
1182,00004,1.961962,5.36915,99.96
1183,00004,1.903350,5.37581,99.96
1184,00004,1.878627,5.37773,99.96
1185,00004,1.892557,5.37253,99.96
1186,00004,1.926688,5.36163,99.96
1187,00004,1.863830,5.35538,99.96
1188,00005,1.927204,5.35660,99.96
1189,00004,1.910156,5.35962,99.96
1190,00004,1.882586,5.36175,99.98
1191,00004,1.927697,5.35928,99.96
1192,00004,1.960844,5.35533,99.96
1193,00004,1.896072,5.35019,99.96
1194,00004,1.827563,5.34865,99.96
1195,00004,1.816631,5.35241,99.96
1196,00004,1.872095,5.36080,99.96
1197,00004,1.889471,5.36616,99.97
1198,00004,1.867542,5.37272,99.97
1199,00004,1.865762,5.37382,99.97
1200,00004,1.980120,5.37775,99.98
1201,00004,1.955616,5.37924,99.98
1202,00004,1.893829,5.38403,99.98
1203,00004,1.827575,5.38007,99.98
1204,00004,1.989144,5.36958,99.97
1205,00004,1.891272,5.36410,99.98
1206,00004,1.849504,5.35838,99.98
1207,00004,1.879700,5.36085,99.98
1208,00004,1.933495,5.36924,99.98
1209,00004,1.855707,5.37624,99.98
1210,00004,1.951508,5.37675,99.98
1211,00004,1.858919,5.38187,99.98
1212,00004,1.874342,5.38446,99.98
1213,00004,1.813448,5.38113,99.98
1214,00005,1.931158,5.37320,99.98
1215,00004,1.951474,5.37400,99.98
1216,00004,1.928784,5.37345,99.98
1217,00004,1.935228,5.37786,99.99
1218,00004,1.907926,5.38056,99.99
1219,00004,1.798004,5.37886,99.99
1220,00004,1.945296,5.38129,99.99
1221,00004,1.975160,5.38190,99.98
1222,00004,1.791795,5.37559,99.98
1223,00004,1.883968,5.36978,99.98
1224,00004,1.888206,5.37001,99.98
1225,00004,1.856375,5.36739,99.97
1226,00004,1.890954,5.36730,99.97
1227,00004,1.944324,5.36807,99.98
1228,00004,1.831927,5.36157,99.97
1229,00004,1.863295,5.36118,99.97
1230,00004,1.900805,5.35499,99.97
1231,00004,1.860610,5.35435,99.97
1232,00004,1.828432,5.35563,99.97
1233,00004,1.822160,5.35293,99.98
1234,00004,1.882047,5.35008,99.99
1235,00004,1.955999,5.34438,99.97
1236,00005,1.923187,5.34600,99.97
1237,00004,1.862188,5.36158,99.98
1238,00004,1.883977,5.36981,99.98
1239,00004,1.878085,5.37635,99.99
1240,00004,1.991074,5.37289,99.99
1241,00004,1.811716,5.36816,99.98
1242,00004,1.895682,5.36703,99.97
1243,00004,1.850442,5.37243,99.98
1244,00004,1.878723,5.37940,99.97
1245,00004,1.898949,5.38380,99.98
1246,00005,1.931575,5.39000,99.99
1247,00004,1.929679,5.38946,99.98
1248,00004,1.876560,5.38046,99.98
1249,00004,1.906165,5.37124,99.98
1250,00004,1.843307,5.36823,99.98
1251,00004,1.929497,5.36566,99.98
1252,00004,1.946236,5.36644,99.98
1253,00004,1.859437,5.37354,99.98
1254,00004,1.974176,5.38462,99.98
1255,00004,1.888517,5.38583,99.98
1256,00004,1.826042,5.38619,99.98
1257,00004,1.885915,5.38722,99.98
1258,00004,1.880275,5.39026,99.98
1259,00004,1.974934,5.38763,99.98
1260,00004,1.847098,5.38381,99.98
1261,00004,1.858130,5.38085,99.98
1262,00004,1.943965,5.37896,99.98
1263,00004,1.939382,5.37605,99.98
1264,00004,1.975288,5.37003,99.98
1265,00004,1.919141,5.36745,99.98
1266,00004,1.962701,5.36586,99.98
1267,00004,1.893495,5.36650,99.98
1268,00004,1.859425,5.36938,99.97
1269,00004,1.860762,5.37169,99.98
1270,00004,1.845525,5.37035,99.98
1271,00004,1.912590,5.36502,99.98
1272,00004,1.835280,5.36489,99.98
1273,00004,1.803492,5.36620,99.98
1274,00004,1.852561,5.37382,99.98
1275,00004,1.838592,5.38271,99.98
1276,00004,1.885642,5.38741,99.98
1277,00004,1.987623,5.38527,99.98
1278,00004,1.851833,5.38684,99.98
1279,00004,1.875787,5.37750,99.98
1280,00004,1.922557,5.36823,99.98
1281,00004,1.796362,5.36316,99.98
1282,00004,1.841613,5.35555,99.97
1283,00004,1.863991,5.35338,99.96
1284,00004,1.837402,5.35633,99.96
1285,00004,1.897997,5.35883,99.98
1286,00004,1.827735,5.36153,99.98
1287,00004,1.879836,5.36204,99.98
1288,00004,1.924381,5.36340,99.98
1289,00004,1.822551,5.36607,99.98
1290,00004,1.890553,5.37013,99.98
1291,00004,1.914085,5.37138,99.97
1292,00004,1.768657,5.37625,99.98
1293,00004,1.920151,5.37862,99.98
1294,00004,1.878741,5.38092,99.98
1295,00004,1.775745,5.37693,99.98
1296,00004,1.831520,5.37231,99.98
1297,00004,1.850900,5.37082,99.98
1298,00004,1.828394,5.37247,99.98
1299,00004,1.867109,5.37952,99.98
1300,00004,1.794215,5.38736,99.98
1301,00004,1.929632,5.38394,99.98
1302,00004,1.762427,5.37772,99.98
1303,00004,1.888832,5.37231,99.98
1304,00004,1.819156,5.37768,99.98
1305,00004,1.876916,5.38302,99.98
1306,00004,1.904505,5.38285,99.98
1307,00004,1.881146,5.38157,99.98
1308,00004,1.845301,5.38009,99.98
1309,00004,1.748720,5.37675,99.98
1310,00004,1.842901,5.37855,99.98
1311,00004,1.880107,5.37943,99.98
1312,00004,1.930723,5.37672,99.98
1313,00004,1.811956,5.37396,99.98
1314,00004,1.774626,5.37241,99.98
1315,00004,1.839464,5.37093,99.98
1316,00004,1.921599,5.37227,99.98
1317,00004,1.849916,5.37122,99.98
1318,00004,1.892547,5.36551,99.98
1319,00004,1.801183,5.35911,99.98
1320,00004,1.901056,5.35161,99.98
1321,00005,1.749394,5.34874,99.98
1322,00004,1.822888,5.34434,99.98
1323,00004,1.726999,5.34015,99.98
1324,00004,1.809232,5.34638,99.98
1325,00004,1.818282,5.35745,99.98
1326,00005,1.937437,5.36680,99.98
1327,00004,1.993297,5.36665,99.97
1328,00004,1.806085,5.36131,99.97
1329,00004,1.845181,5.35883,99.97
1330,00004,1.912223,5.36210,99.98
1331,00004,1.740245,5.36753,99.99
1332,00004,1.720634,5.37352,99.98
1333,00004,1.872307,5.37781,99.98
1334,00004,1.935825,5.38521,99.98
1335,00004,1.846169,5.38615,99.98
1336,00004,1.808623,5.38208,99.98
1337,00004,1.807352,5.37482,99.98
1338,00005,1.880483,5.36839,99.98
1339,00004,1.817220,5.36420,99.98
1340,00005,1.913019,5.36361,99.98
1341,00004,1.821223,5.36642,99.98
1342,00004,1.905794,5.37042,99.98
1343,00004,1.837015,5.37532,99.98
1344,00004,1.809667,5.37943,99.98
1345,00004,1.805801,5.38158,99.98
1346,00004,1.884294,5.38305,99.98
1347,00005,1.841851,5.38214,99.98
1348,00004,1.880235,5.38323,99.98
1349,00004,1.757471,5.38381,99.97
1350,00004,1.833420,5.37862,99.97
1351,00004,1.835724,5.38271,99.97
1352,00004,1.893478,5.37920,99.98
1353,00004,1.861713,5.38054,99.98
1354,00005,1.775369,5.38335,99.98
1355,00004,1.814654,5.38160,99.98
1356,00004,1.861398,5.38816,99.98
1357,00004,1.865352,5.39037,99.98
1358,00004,1.828680,5.39403,99.98
1359,00004,1.782252,5.39943,99.98
1360,00004,1.824229,5.39525,99.98
1361,00004,1.781466,5.39502,99.98
1362,00004,1.827010,5.39329,99.98
1363,00004,1.820133,5.39164,99.98
1364,00004,1.860980,5.38168,99.98
1365,00004,1.783650,5.37787,99.98
1366,00004,1.775100,5.37975,99.99
1367,00004,1.903383,5.38217,99.99
1368,00005,1.856161,5.38557,99.99
1369,00004,1.832410,5.38735,99.98
1370,00004,1.818914,5.38225,99.98
1371,00005,1.848018,5.38362,99.98
1372,00004,1.859271,5.38020,99.98
1373,00004,1.792899,5.38225,99.98
1374,00004,1.913092,5.37811,99.98
1375,00004,1.669258,5.38218,99.98
1376,00004,1.763515,5.38684,99.98
1377,00004,1.835497,5.38801,99.98
1378,00004,1.864311,5.39172,99.98
1379,00004,1.832197,5.39769,99.98
1380,00004,1.799613,5.39915,99.98
1381,00004,1.834754,5.39758,99.98
1382,00004,1.850059,5.39057,99.98
1383,00004,1.901890,5.38603,99.98
1384,00004,1.800105,5.38307,99.98
1385,00004,1.871720,5.38297,99.98
1386,00004,1.873019,5.38445,99.98
1387,00004,1.924209,5.37824,99.98
1388,00004,1.815374,5.37164,99.98
1389,00005,1.937504,5.37246,99.98
1390,00004,1.822243,5.37920,99.98
1391,00004,1.815992,5.38240,99.98
1392,00004,1.794283,5.38394,99.98
1393,00004,1.752132,5.38796,99.98
1394,00004,1.823970,5.39432,99.98
1395,00004,1.849469,5.40484,99.98
1396,00004,1.830281,5.41275,99.98
1397,00004,1.832407,5.40850,99.98
1398,00004,1.742988,5.40301,99.98
1399,00004,1.908738,5.39721,99.98
1400,00004,1.871239,5.39175,99.98
1401,00004,1.749044,5.39188,99.98
1402,00004,1.759881,5.39093,99.98
1403,00005,1.753266,5.39016,99.97
1404,00005,1.782101,5.38208,99.97
1405,00004,1.707621,5.37273,99.97
1406,00004,1.768339,5.36308,99.97
1407,00004,1.761310,5.36008,99.98
1408,00004,1.800859,5.36637,99.98
1409,00005,1.807643,5.37038,99.98
1410,00004,1.797593,5.37092,99.97
1411,00004,1.888235,5.36519,99.97
1412,00004,1.856180,5.35986,99.97
1413,00004,1.822111,5.35542,99.97
1414,00004,1.786225,5.34704,99.97
1415,00004,1.828740,5.34470,99.97
1416,00004,1.764310,5.34688,99.98
1417,00004,1.714376,5.34667,99.98
1418,00004,1.830635,5.34422,99.98
1419,00004,1.730418,5.34042,99.98
1420,00004,1.746507,5.34087,99.98
1421,00004,1.760726,5.34691,99.97
1422,00005,1.804760,5.34929,99.97
1423,00005,1.786118,5.34896,99.97
1424,00004,1.848675,5.35205,99.98
1425,00004,1.747218,5.35944,99.98
1426,00004,1.838446,5.37159,99.98
1427,00004,1.789549,5.37868,99.98
1428,00004,1.816641,5.37965,99.98
1429,00004,1.867481,5.38253,99.98
1430,00004,1.775797,5.38408,99.98
1431,00004,1.849361,5.37983,99.98
1432,00004,1.785580,5.38195,99.98
1433,00004,1.742926,5.37642,99.98
1434,00004,1.780733,5.36934,99.98
1435,00004,1.775871,5.36149,99.98
1436,00004,1.778874,5.35421,99.98
1437,00004,1.894519,5.35283,99.98
1438,00004,1.702486,5.35100,99.98
1439,00004,1.735475,5.35476,99.98
1440,00004,1.877921,5.35983,99.98
1441,00004,1.871139,5.35908,99.97
1442,00004,1.862578,5.36147,99.98
1443,00005,1.822986,5.36868,99.98
1444,00004,1.858367,5.36961,99.98
1445,00004,1.725382,5.37697,99.98
1446,00004,1.839296,5.37437,99.98
1447,00004,1.814855,5.37422,99.98
1448,00004,1.858517,5.37210,99.98
1449,00004,1.780399,5.37766,99.98
1450,00004,1.893190,5.38759,99.98
1451,00004,1.801609,5.39427,99.98
1452,00004,1.871781,5.39231,99.98
1453,00004,1.827330,5.39507,99.98
1454,00004,1.765200,5.39487,99.98
1455,00004,1.828182,5.39056,99.98
1456,00004,1.818701,5.38170,99.98
1457,00004,1.837994,5.37878,99.98
1458,00004,1.787553,5.37842,99.98
1459,00004,1.717811,5.37750,99.98
1460,00004,1.793425,5.37332,99.98
1461,00004,1.785529,5.37290,99.98
1462,00004,1.773054,5.37672,99.98
1463,00004,1.813886,5.38302,99.98
1464,00004,1.678102,5.38778,99.98
1465,00004,1.861692,5.38935,99.98
1466,00004,1.884740,5.39389,99.98
1467,00005,1.734594,5.39345,99.98
1468,00004,1.819148,5.39127,99.98
1469,00005,1.705112,5.38837,99.98
1470,00004,1.767263,5.38533,99.98
1471,00004,1.769370,5.38176,99.98
1472,00004,1.813414,5.38773,99.98
1473,00004,1.700134,5.39632,99.99
1474,00004,1.748007,5.39486,99.99
1475,00004,1.749923,5.38856,99.99
1476,00004,1.779895,5.39283,99.99
1477,00004,1.827937,5.40159,99.99
1478,00004,1.775845,5.40466,99.99
1479,00004,1.680143,5.40012,99.98
1480,00004,1.787580,5.39716,99.98
1481,00004,1.796565,5.39677,99.99
1482,00004,1.813641,5.39799,99.99
1483,00004,1.821266,5.39198,99.97
1484,00005,1.820988,5.39181,99.99
1485,00005,1.675974,5.39450,99.99
1486,00004,1.775292,5.39407,99.97
1487,00004,1.791129,5.39747,99.98
1488,00004,1.919655,5.39275,99.98
1489,00004,1.784318,5.38692,99.98
1490,00005,1.814374,5.38358,99.98
1491,00004,1.744655,5.38530,99.98
1492,00004,1.656330,5.39060,99.98
1493,00004,1.738856,5.39240,99.97
1494,00004,1.706792,5.40093,99.98
1495,00004,1.784665,5.41023,99.98
1496,00004,1.699779,5.41441,99.98
1497,00004,1.839081,5.41637,99.98
1498,00004,1.789242,5.41827,99.98
1499,00004,1.803082,5.41437,99.98
1500,00004,1.790559,5.40509,99.98
1501,00004,1.783755,5.39395,99.98
1502,00004,1.757826,5.39531,99.97
1503,00004,1.787953,5.39172,99.97
1504,00004,1.807724,5.39108,99.97
1505,00004,1.778679,5.39038,99.97
1506,00004,1.795376,5.37563,99.98
1507,00004,1.742027,5.36616,99.98
1508,00004,1.747894,5.36227,99.98
1509,00004,1.726879,5.36538,99.98
1510,00004,1.849339,5.37684,99.98
1511,00004,1.820568,5.38552,99.98
1512,00004,1.866395,5.39283,99.98
1513,00004,1.682306,5.40062,99.98
1514,00004,1.827950,5.39928,99.97
1515,00004,1.755217,5.39150,99.97
1516,00004,1.840945,5.38216,99.97
1517,00004,1.756208,5.36904,99.97
1518,00004,1.739301,5.36707,99.97
1519,00004,1.767213,5.36448,99.97
1520,00005,1.728443,5.36669,99.97
1521,00004,1.846889,5.37016,99.97
1522,00004,1.840768,5.36447,99.97
1523,00004,1.850744,5.36762,99.97
1524,00004,1.879752,5.36774,99.97
1525,00004,1.809599,5.36206,99.96
1526,00004,1.715105,5.35954,99.96
1527,00004,1.831537,5.35867,99.97
1528,00004,1.757317,5.35828,99.97
1529,00004,1.778263,5.35747,99.97
1530,00004,1.743526,5.36298,99.97
1531,00004,1.749464,5.37857,99.98
1532,00004,1.777476,5.38992,99.98
1533,00004,1.789589,5.39190,99.98
1534,00004,1.858186,5.39207,99.98
1535,00004,1.865515,5.38610,99.98
1536,00004,1.806475,5.37674,99.97
1537,00004,1.817130,5.36236,99.98
1538,00004,1.787568,5.35494,99.98
1539,00004,1.739067,5.35004,99.97
1540,00004,1.744701,5.34752,99.97
1541,00004,1.852397,5.33500,99.97
1542,00004,1.720487,5.33653,99.97
1543,00005,1.781943,5.33510,99.97
1544,00005,1.741523,5.33678,99.97
1545,00004,1.768319,5.33366,99.96
1546,00004,1.797281,5.33555,99.97
1547,00004,1.802377,5.34743,99.97
1548,00004,1.753947,5.35621,99.97
1549,00004,1.827314,5.36609,99.97
1550,00004,1.726971,5.37274,99.97
1551,00004,1.785981,5.37435,99.97
1552,00004,1.690647,5.36810,99.97
1553,00004,1.889062,5.37015,99.97
1554,00004,1.788786,5.36430,99.97
1555,00004,1.766821,5.36593,99.97
1556,00004,1.776086,5.36599,99.97
1557,00004,1.654518,5.36389,99.97
1558,00004,1.776432,5.36550,99.97
1559,00004,1.779944,5.36730,99.98
1560,00004,1.690678,5.36848,99.98
1561,00005,1.722398,5.37977,99.98
1562,00004,1.864387,5.38130,99.98
1563,00004,1.827427,5.38741,99.98
1564,00004,1.748421,5.38857,99.98
1565,00004,1.803791,5.39157,99.98
1566,00004,1.805923,5.39145,99.98
1567,00004,1.717551,5.39363,99.98
1568,00004,1.774045,5.39621,99.98
1569,00005,1.730209,5.38851,99.98
1570,00004,1.662535,5.37700,99.98
1571,00004,1.751638,5.37627,99.98
1572,00004,1.681193,5.38309,99.98
1573,00004,1.787468,5.38288,99.98
1574,00004,1.864014,5.37577,99.97
1575,00004,1.772931,5.37581,99.97
1576,00004,1.785614,5.38345,99.97
1577,00005,1.756388,5.38702,99.97
1578,00004,1.770820,5.38914,99.98
1579,00004,1.734010,5.38105,99.97
1580,00004,1.712848,5.37384,99.97
1581,00004,1.770160,5.37250,99.97
1582,00004,1.725667,5.36669,99.98
1583,00004,1.744470,5.36518,99.98
1584,00004,1.742808,5.37245,99.98
1585,00004,1.701291,5.37968,99.98
1586,00004,1.817374,5.37625,99.98
1587,00005,1.631459,5.36903,99.98
1588,00004,1.834391,5.35569,99.98
1589,00004,1.768375,5.34948,99.98
1590,00004,1.730866,5.33830,99.96
1591,00005,1.688719,5.33822,99.95
1592,00004,1.783385,5.34081,99.97
1593,00004,1.736806,5.34718,99.97
1594,00004,1.722554,5.35703,99.97
1595,00005,1.763362,5.36448,99.97
1596,00004,1.733946,5.37214,99.97
1597,00004,1.684391,5.36715,99.97
1598,00004,1.748301,5.35983,99.97
1599,00004,1.719289,5.35649,99.97
1600,00004,1.749238,5.35545,99.97
1601,00004,1.797093,5.35154,99.97
1602,00004,1.702212,5.35572,99.97
1603,00005,1.727153,5.36156,99.97
1604,00004,1.746319,5.36377,99.97
1605,00004,1.800347,5.36805,99.97
1606,00004,1.762556,5.37647,99.97
1607,00004,1.795562,5.37755,99.97
1608,00004,1.740239,5.37482,99.97
1609,00004,1.704630,5.37365,99.97
1610,00004,1.684879,5.36706,99.97
1611,00004,1.755660,5.35843,99.97
1612,00004,1.740349,5.35477,99.97
1613,00004,1.813930,5.36311,99.97
1614,00004,1.669757,5.37392,99.97
1615,00004,1.711625,5.38211,99.97
1616,00004,1.711954,5.38763,99.97
1617,00004,1.701966,5.38926,99.97
1618,00004,1.771046,5.39228,99.98
1619,00005,1.779633,5.39715,99.98
1620,00005,1.747295,5.40629,99.97
1621,00005,1.691438,5.41381,99.97
1622,00005,1.752754,5.41440,99.97
1623,00005,1.805868,5.40771,99.97
1624,00005,1.849009,5.39245,99.97
1625,00005,1.760855,5.37751,99.97
1626,00005,1.668673,5.36990,99.97
1627,00005,1.799398,5.36822,99.98
1628,00005,1.676132,5.37451,99.98
1629,00005,1.673426,5.38665,99.98
1630,00005,1.738906,5.38137,99.98
1631,00004,1.713902,5.37322,99.98
1632,00005,1.800522,5.36846,99.98
1633,00005,1.701063,5.36837,99.98
1634,00004,1.730770,5.37203,99.98
1635,00005,1.746090,5.37624,99.98
1636,00005,1.626481,5.37994,99.98
1637,00005,1.755532,5.37762,99.98
1638,00005,1.740299,5.38098,99.98
1639,00005,1.711039,5.38053,99.98
1640,00005,1.835167,5.37934,99.98
1641,00005,1.696429,5.37578,99.98
1642,00005,1.724991,5.36605,99.98
1643,00004,1.659607,5.36111,99.98
1644,00004,1.674376,5.36270,99.98
1645,00004,1.746137,5.37341,99.98
1646,00004,1.657246,5.37231,99.98
1647,00004,1.737151,5.36566,99.98
1648,00004,1.773692,5.36358,99.98
1649,00005,1.776903,5.36630,99.98
1650,00004,1.745893,5.37030,99.98
1651,00004,1.771763,5.36836,99.98
1652,00004,1.759101,5.37620,99.98
1653,00004,1.736537,5.38916,99.98
1654,00004,1.746503,5.40185,99.98
1655,00005,1.746552,5.40249,99.98
1656,00004,1.753227,5.40465,99.98
1657,00004,1.803749,5.40506,99.98
1658,00004,1.827434,5.39014,99.98
1659,00004,1.730113,5.37608,99.98
1660,00004,1.713635,5.37466,99.98
1661,00004,1.768183,5.37347,99.98
1662,00004,1.696321,5.36725,99.98
1663,00004,1.713592,5.36507,99.98
1664,00004,1.786577,5.36445,99.98
1665,00004,1.617588,5.36725,99.98
1666,00004,1.816142,5.37610,99.98
1667,00004,1.686862,5.37742,99.98
1668,00004,1.781538,5.37398,99.98
1669,00004,1.679079,5.36913,99.98
1670,00005,1.673804,5.36818,99.97
1671,00004,1.671874,5.36894,99.97
1672,00004,1.696045,5.37006,99.96
1673,00004,1.636831,5.37337,99.98
1674,00004,1.837306,5.37167,99.98
1675,00004,1.780261,5.37368,99.98
1676,00004,1.722706,5.37564,99.98
1677,00004,1.781493,5.37903,99.98
1678,00004,1.675160,5.37756,99.98
1679,00004,1.857520,5.37975,99.98
1680,00004,1.696447,5.38203,99.98
1681,00004,1.697236,5.38387,99.98
1682,00005,1.659027,5.38518,99.98
1683,00004,1.713990,5.38380,99.97
1684,00004,1.812645,5.37261,99.97
1685,00004,1.739976,5.35922,99.97
1686,00004,1.736162,5.35488,99.97
1687,00004,1.737350,5.35001,99.96
1688,00004,1.733254,5.34761,99.96
1689,00004,1.734886,5.34605,99.95
1690,00004,1.734294,5.35278,99.95
1691,00004,1.723467,5.36681,99.98
1692,00004,1.697825,5.37077,99.97
1693,00004,1.790000,5.38399,99.98
1694,00004,1.646125,5.39389,99.98
1695,00004,1.705266,5.39205,99.98
1696,00004,1.669261,5.39138,99.98
1697,00004,1.712094,5.39373,99.98
1698,00004,1.705312,5.39630,99.98
1699,00004,1.755372,5.39784,99.98
1700,00004,1.822585,5.39191,99.98
1701,00004,1.748493,5.38585,99.98
1702,00004,1.725897,5.38161,99.98
1703,00004,1.668522,5.37757,99.98
1704,00004,1.735820,5.37643,99.98
1705,00005,1.734652,5.38029,99.97
1706,00004,1.703157,5.37588,99.97
1707,00004,1.768129,5.37891,99.97
1708,00004,1.716601,5.38167,99.97
1709,00005,1.664936,5.38148,99.97
1710,00004,1.843264,5.38637,99.97
1711,00004,1.718286,5.38496,99.97
1712,00004,1.655528,5.38729,99.98
1713,00004,1.645513,5.39590,99.98
1714,00004,1.743693,5.40134,99.98
1715,00004,1.701027,5.40952,99.98
1716,00004,1.757642,5.40594,99.97
1717,00004,1.647936,5.40675,99.97
1718,00004,1.711921,5.40096,99.97
1719,00004,1.695266,5.39161,99.97
1720,00004,1.713749,5.39030,99.97
1721,00004,1.674512,5.39189,99.98
1722,00004,1.722893,5.39526,99.98
1723,00004,1.678045,5.39394,99.98
1724,00004,1.699161,5.38509,99.98
1725,00004,1.680157,5.36908,99.98
1726,00004,1.694941,5.37040,99.98
1727,00004,1.679250,5.37016,99.98
1728,00004,1.714443,5.37042,99.98
1729,00004,1.704990,5.36840,99.98
1730,00004,1.724802,5.37236,99.98
1731,00004,1.674460,5.37888,99.97
1732,00004,1.694434,5.38511,99.97
1733,00004,1.672747,5.38506,99.97
1734,00004,1.763514,5.38271,99.97
1735,00004,1.830844,5.38289,99.97
1736,00004,1.701677,5.38553,99.97
1737,00004,1.711099,5.38872,99.97
1738,00004,1.685999,5.39123,99.97
1739,00004,1.758011,5.39206,99.98
1740,00004,1.714636,5.39433,99.98
1741,00004,1.738638,5.40031,99.98
1742,00004,1.710679,5.40535,99.98
1743,00004,1.725517,5.41200,99.98
1744,00004,1.613027,5.40757,99.98
1745,00004,1.701463,5.40046,99.98
1746,00004,1.719054,5.39160,99.98
1747,00004,1.703837,5.38836,99.98
1748,00004,1.674762,5.38865,99.98
1749,00004,1.695725,5.39083,99.98
1750,00004,1.737064,5.39192,99.98
1751,00004,1.619564,5.39342,99.98
1752,00004,1.672823,5.39648,99.98
1753,00004,1.684833,5.40706,99.98
1754,00004,1.601525,5.40848,99.98
1755,00004,1.781435,5.40818,99.98
1756,00004,1.744601,5.40405,99.97
1757,00004,1.702885,5.40904,99.97
1758,00004,1.687852,5.41112,99.98
1759,00004,1.721228,5.40184,99.98
1760,00004,1.679467,5.39371,99.98
1761,00004,1.757902,5.38888,99.98
1762,00004,1.671533,5.38717,99.98
1763,00004,1.706425,5.38728,99.98
1764,00004,1.721214,5.38625,99.98
1765,00004,1.723591,5.38363,99.98
1766,00004,1.624888,5.38297,99.98
1767,00004,1.719527,5.37699,99.97
1768,00004,1.725510,5.38036,99.97
1769,00004,1.708882,5.38094,99.97
1770,00004,1.736950,5.38268,99.97
1771,00004,1.685786,5.38807,99.97
1772,00004,1.728283,5.39082,99.98
1773,00004,1.710837,5.38695,99.98
1774,00004,1.647336,5.39032,99.97
1775,00004,1.673871,5.39003,99.97
1776,00004,1.745089,5.39094,99.97
1777,00004,1.663432,5.39225,99.97
1778,00004,1.667899,5.39309,99.97
1779,00004,1.812011,5.38791,99.97
1780,00004,1.762768,5.38681,99.97
1781,00004,1.733091,5.38625,99.97
1782,00004,1.589964,5.37942,99.97
1783,00004,1.754037,5.37402,99.97
1784,00004,1.741118,5.37253,99.97
1785,00004,1.704531,5.37380,99.97
1786,00004,1.705506,5.37745,99.97
1787,00004,1.675795,5.38242,99.98
1788,00004,1.623529,5.38200,99.98
1789,00004,1.644306,5.38437,99.98
1790,00004,1.731213,5.37870,99.98
1791,00004,1.671947,5.37766,99.98
1792,00004,1.663488,5.37891,99.97
1793,00004,1.731703,5.37801,99.97
1794,00004,1.744773,5.37729,99.97
1795,00004,1.653285,5.37943,99.96
1796,00004,1.651909,5.37673,99.96
1797,00004,1.679258,5.38291,99.98
1798,00004,1.732917,5.38744,99.98
1799,00004,1.620352,5.39876,99.98
1800,00004,1.611904,5.40452,99.97
1801,00004,1.691095,5.40947,99.97
1802,00004,1.687564,5.40727,99.97
1803,00004,1.747331,5.40993,99.97
1804,00004,1.683708,5.40975,99.98
1805,00004,1.725362,5.40616,99.98
1806,00004,1.755279,5.39992,99.98
1807,00004,1.619720,5.39668,99.98
1808,00005,1.654562,5.39381,99.97
1809,00004,1.660302,5.39034,99.97
1810,00004,1.609219,5.39119,99.97
1811,00004,1.691395,5.38934,99.97
1812,00004,1.616617,5.38915,99.97
1813,00004,1.728468,5.38586,99.97
1814,00004,1.715332,5.38407,99.98
1815,00004,1.686098,5.38839,99.98
1816,00004,1.777569,5.38673,99.98
1817,00004,1.692028,5.38333,99.98
1818,00004,1.593183,5.38048,99.98
1819,00004,1.637811,5.38283,99.97
1820,00004,1.672882,5.37920,99.96
1821,00004,1.621109,5.37884,99.97
1822,00004,1.703815,5.38386,99.97
1823,00004,1.788175,5.38841,99.97
1824,00004,1.785770,5.38808,99.97
1825,00004,1.676744,5.39020,99.97
1826,00004,1.627225,5.39277,99.98
1827,00004,1.684827,5.39651,99.97
1828,00004,1.669550,5.39209,99.97
1829,00004,1.667370,5.38458,99.97
1830,00004,1.658675,5.37392,99.97
1831,00004,1.735352,5.37034,99.97
1832,00004,1.735293,5.37106,99.98
1833,00004,1.582590,5.37434,99.98
1834,00004,1.650622,5.37703,99.98
1835,00004,1.611827,5.38192,99.98
1836,00004,1.800088,5.37903,99.98
1837,00004,1.722344,5.37248,99.98
1838,00004,1.611466,5.36948,99.98
1839,00004,1.653636,5.36733,99.98
1840,00004,1.692684,5.37425,99.98
1841,00004,1.704453,5.38821,99.98
1842,00004,1.685697,5.40074,99.99
1843,00004,1.717673,5.40837,99.98
1844,00004,1.694124,5.41558,99.98
1845,00004,1.750885,5.41393,99.98
1846,00004,1.731000,5.40865,99.98
1847,00004,1.656249,5.40170,99.98
1848,00004,1.698640,5.38785,99.99
1849,00004,1.664402,5.38259,99.99
1850,00004,1.775698,5.37809,99.98
1851,00004,1.636309,5.37832,99.99
1852,00005,1.716016,5.37565,99.99
1853,00004,1.621562,5.37929,99.98
1854,00004,1.679653,5.38609,99.98
1855,00004,1.818126,5.38262,99.97
1856,00005,1.599420,5.38525,99.98
1857,00004,1.659654,5.38536,99.99
1858,00004,1.663181,5.39462,99.99
1859,00004,1.662795,5.40987,99.99
1860,00004,1.680269,5.40873,99.99
1861,00004,1.639975,5.39801,99.98
1862,00004,1.717001,5.39637,99.98
1863,00004,1.675920,5.38772,99.98
1864,00004,1.716237,5.38123,99.98
1865,00004,1.703017,5.38142,99.98
1866,00004,1.730726,5.38291,99.99
1867,00004,1.719406,5.37891,99.98
1868,00004,1.638440,5.37222,99.98
1869,00004,1.661930,5.37464,99.98
1870,00004,1.655857,5.38011,99.98
1871,00004,1.676438,5.37375,99.97
1872,00004,1.673355,5.37539,99.98
1873,00004,1.679328,5.37561,99.96
1874,00004,1.703010,5.37408,99.96
1875,00004,1.729990,5.38200,99.97
1876,00004,1.733688,5.39177,99.97
1877,00004,1.593868,5.39776,99.97
1878,00004,1.710575,5.39916,99.97
1879,00004,1.706732,5.40074,99.97
1880,00004,1.695863,5.40094,99.98
1881,00004,1.580573,5.39716,99.98
1882,00004,1.611541,5.39891,99.98
1883,00004,1.700388,5.40149,99.98
1884,00004,1.652346,5.40374,99.99
1885,00004,1.613975,5.40900,99.98
1886,00004,1.623123,5.40852,99.98
1887,00004,1.678057,5.40429,99.98
1888,00004,1.663419,5.40675,99.98
1889,00004,1.724357,5.40802,99.98
1890,00004,1.667233,5.40800,99.99
1891,00004,1.673823,5.39608,99.99
1892,00004,1.709239,5.38893,99.98
1893,00004,1.683094,5.38125,99.98
1894,00004,1.659026,5.37383,99.97
1895,00004,1.637155,5.37315,99.97
1896,00004,1.688468,5.36869,99.97
1897,00004,1.714049,5.36261,99.98
1898,00004,1.614922,5.35921,99.98
1899,00004,1.725290,5.36242,99.98
1900,00004,1.700617,5.37299,99.98
1901,00004,1.674373,5.37900,99.98
1902,00004,1.626375,5.38309,99.98
1903,00004,1.643602,5.38814,99.98
1904,00004,1.701239,5.39432,99.99
1905,00004,1.806196,5.39498,99.99
1906,00004,1.710402,5.39428,99.99
1907,00004,1.606501,5.39477,99.98
1908,00004,1.569393,5.39378,99.98
1909,00004,1.642963,5.40141,99.98
1910,00004,1.659935,5.40794,99.98
1911,00004,1.657888,5.39795,99.98
1912,00004,1.612985,5.38691,99.98
1913,00004,1.717957,5.38189,99.98
1914,00004,1.670775,5.38177,99.98
1915,00004,1.636412,5.38753,99.99
1916,00004,1.720447,5.39403,99.99
1917,00004,1.661877,5.39589,99.98
1918,00004,1.660983,5.39460,99.98
1919,00004,1.673535,5.39467,99.98
1920,00004,1.734104,5.39787,99.98
1921,00004,1.590646,5.39834,99.99
1922,00004,1.739810,5.39456,99.98
1923,00004,1.760084,5.38754,99.99
1924,00004,1.667369,5.38024,99.99
1925,00004,1.684869,5.37380,99.98
1926,00004,1.599153,5.37095,99.98
1927,00004,1.686106,5.37189,99.98
1928,00004,1.678880,5.38145,99.98
1929,00004,1.579347,5.38196,99.98
1930,00004,1.656749,5.38341,99.98
1931,00004,1.613327,5.38194,99.97
1932,00004,1.637433,5.37447,99.98
1933,00004,1.620043,5.38393,99.98
1934,00004,1.672645,5.39566,99.98
1935,00004,1.649615,5.39889,99.98
1936,00004,1.628413,5.40166,99.98
1937,00004,1.647359,5.40284,99.98
1938,00004,1.728458,5.39867,99.98
1939,00004,1.690675,5.39731,99.98
1940,00004,1.749704,5.39555,99.98
1941,00004,1.640483,5.40249,99.98
1942,00004,1.683503,5.40131,99.98
1943,00004,1.673870,5.39879,99.98
1944,00004,1.726748,5.39921,99.98
1945,00004,1.624131,5.40318,99.98
1946,00004,1.687381,5.40246,99.98
1947,00004,1.625463,5.40307,99.98
1948,00004,1.698053,5.40008,99.98
1949,00004,1.687564,5.40880,99.98
1950,00005,1.611347,5.41124,99.98
1951,00004,1.665838,5.39609,99.98
1952,00004,1.599567,5.38091,99.98
1953,00004,1.632217,5.37169,99.98
1954,00004,1.677973,5.37735,99.98
1955,00004,1.660850,5.37761,99.98
1956,00004,1.616344,5.36951,99.98
1957,00004,1.597059,5.36300,99.99
1958,00004,1.574018,5.35828,99.99
1959,00004,1.613343,5.34829,99.99
1960,00004,1.635510,5.34785,99.99
1961,00004,1.675866,5.34504,99.99
1962,00004,1.617761,5.34562,99.98
1963,00004,1.594938,5.34833,99.98
1964,00004,1.600962,5.35618,99.98
1965,00004,1.699373,5.36642,99.98
1966,00004,1.708046,5.38926,99.98
1967,00004,1.693501,5.38811,99.98
1968,00004,1.566965,5.37242,99.98
1969,00004,1.595739,5.36540,99.98
1970,00004,1.616426,5.36766,99.98
1971,00004,1.631141,5.37382,99.98
1972,00004,1.697325,5.37547,99.98
1973,00004,1.578445,5.35990,99.98
1974,00004,1.611945,5.35190,99.98
1975,00004,1.646458,5.35272,99.98
1976,00004,1.639966,5.35056,99.98
1977,00004,1.636694,5.35692,99.98
1978,00004,1.657302,5.35852,99.98
1979,00004,1.648172,5.36174,99.98
1980,00004,1.711749,5.35541,99.98
1981,00004,1.673026,5.35193,99.98
1982,00004,1.627416,5.35971,99.98
1983,00004,1.624029,5.35736,99.98
1984,00004,1.576631,5.35424,99.98
1985,00004,1.671986,5.35093,99.97
1986,00004,1.699610,5.34859,99.97
1987,00004,1.520994,5.34718,99.97
1988,00004,1.749163,5.34886,99.98
1989,00004,1.656153,5.34991,99.98
1990,00004,1.751163,5.35495,99.98
1991,00004,1.700509,5.35366,99.98
1992,00004,1.672012,5.35039,99.98
1993,00004,1.645437,5.34677,99.98
1994,00004,1.670689,5.34072,99.98
1995,00004,1.649417,5.33836,99.98
1996,00004,1.647630,5.34438,99.98
1997,00004,1.603990,5.35767,99.97
1998,00004,1.658072,5.36090,99.97
1999,00004,1.615154,5.36198,99.97
2000,00004,1.692034,5.36734,99.97
2001,00004,1.671153,5.37428,99.98
2002,00004,1.654004,5.37987,99.98
2003,00004,1.647179,5.37953,99.98
2004,00004,1.590018,5.37658,99.98
2005,00004,1.797104,5.36888,99.97
2006,00004,1.712964,5.36011,99.97
2007,00004,1.622656,5.35729,99.98
2008,00004,1.639747,5.36228,99.98
2009,00005,1.546283,5.37157,99.98
2010,00004,1.677297,5.37950,99.98
2011,00004,1.633648,5.38709,99.98
2012,00004,1.662638,5.38796,99.98
2013,00004,1.672405,5.39122,99.97
2014,00004,1.624616,5.38917,99.97
2015,00004,1.565843,5.38517,99.97
2016,00004,1.613930,5.38451,99.97
2017,00004,1.668534,5.38878,99.98
2018,00004,1.596605,5.38693,99.98
2019,00004,1.578741,5.37578,99.98
2020,00004,1.697617,5.37541,99.98
2021,00004,1.518620,5.38208,99.98
2022,00004,1.689297,5.38440,99.98
2023,00004,1.651258,5.38639,99.98
2024,00004,1.662371,5.38802,99.98
2025,00004,1.623435,5.39117,99.98
2026,00004,1.593594,5.39864,99.98
2027,00004,1.683499,5.38753,99.98
2028,00004,1.622496,5.37892,99.98
2029,00004,1.634537,5.37796,99.98
2030,00004,1.559953,5.38582,99.98
2031,00004,1.619984,5.39057,99.98
2032,00004,1.464771,5.39246,99.98
2033,00004,1.656260,5.38438,99.98
2034,00004,1.599793,5.37641,99.98
2035,00004,1.643732,5.36494,99.98
2036,00004,1.600136,5.35872,99.96
2037,00004,1.597240,5.35906,99.97
2038,00004,1.618074,5.36434,99.98
2039,00004,1.687619,5.37474,99.98
2040,00004,1.648697,5.37544,99.98
2041,00004,1.637568,5.37211,99.98
2042,00004,1.677654,5.37531,99.98
2043,00004,1.597584,5.37390,99.98
2044,00004,1.642478,5.37104,99.98
2045,00004,1.670900,5.36427,99.97
2046,00004,1.689147,5.35537,99.97
2047,00004,1.566360,5.35000,99.96
2048,00004,1.579440,5.35844,99.97
2049,00004,1.673045,5.36288,99.97
2050,00004,1.647315,5.36559,99.97
2051,00004,1.589539,5.37169,99.98
2052,00004,1.608353,5.38236,99.98
2053,00004,1.586832,5.38084,99.98
2054,00004,1.606068,5.37548,99.98
2055,00004,1.621338,5.37610,99.98
2056,00007,1.620332,5.38043,99.98
2057,00004,1.607356,5.38723,99.98
2058,00004,1.561746,5.39312,99.98
2059,00004,1.665047,5.39470,99.98
2060,00004,1.663601,5.39280,99.98
2061,00004,1.643881,5.39124,99.99
2062,00004,1.571909,5.38870,99.98
2063,00004,1.653146,5.38615,99.98
2064,00004,1.643953,5.38021,99.98
2065,00004,1.594462,5.38275,99.98
2066,00004,1.614868,5.37897,99.98
2067,00004,1.631202,5.37172,99.98
2068,00004,1.597177,5.36657,99.98
2069,00004,1.554389,5.36815,99.98
2070,00004,1.571361,5.37779,99.98
2071,00004,1.688022,5.38481,99.98
2072,00004,1.624111,5.38298,99.98
2073,00004,1.596186,5.37898,99.98
2074,00004,1.599793,5.38312,99.98
2075,00004,1.670303,5.38331,99.98
2076,00004,1.615420,5.37983,99.98
2077,00004,1.603999,5.37787,99.97
2078,00004,1.653831,5.39738,99.98
2079,00004,1.683262,5.39512,99.98
2080,00004,1.569783,5.38652,99.98
2081,00004,1.621966,5.37260,99.98
2082,00004,1.692177,5.35843,99.98
2083,00004,1.658094,5.35917,99.98
2084,00004,1.689015,5.35412,99.98
2085,00004,1.633002,5.35175,99.98
2086,00004,1.569029,5.34707,99.98
2087,00004,1.588981,5.35176,99.98
2088,00004,1.673944,5.35198,99.98
2089,00004,1.624461,5.35974,99.98
2090,00004,1.552007,5.37023,99.98
2091,00004,1.679761,5.36957,99.98
2092,00004,1.628172,5.36409,99.98
2093,00004,1.565161,5.35876,99.98
2094,00004,1.632876,5.35242,99.98
2095,00004,1.621130,5.35958,99.98
2096,00004,1.558428,5.36648,99.98
2097,00004,1.605424,5.37285,99.98
2098,00004,1.646595,5.36960,99.97
2099,00004,1.599784,5.36080,99.97
2100,00004,1.589233,5.36118,99.98
2101,00004,1.571416,5.36854,99.98
2102,00004,1.584421,5.36563,99.98
2103,00004,1.643270,5.36903,99.98
2104,00004,1.590488,5.36824,99.98
2105,00004,1.689098,5.35966,99.98
2106,00004,1.620691,5.34947,99.98
2107,00004,1.634324,5.34763,99.98
2108,00004,1.552177,5.34629,99.98
2109,00005,1.635044,5.34704,99.98
2110,00004,1.652378,5.35483,99.98
2111,00004,1.645133,5.35822,99.98
2112,00004,1.571470,5.36168,99.98
2113,00004,1.621579,5.36765,99.98
2114,00004,1.673331,5.37217,99.98
2115,00004,1.600408,5.37161,99.98
2116,00004,1.656796,5.37035,99.98
2117,00004,1.663399,5.37325,99.98
2118,00004,1.560389,5.37778,99.98
2119,00004,1.606365,5.37993,99.98
2120,00004,1.572436,5.38485,99.98
2121,00004,1.625223,5.38117,99.98
2122,00004,1.597641,5.38227,99.98
2123,00004,1.605614,5.37780,99.98
2124,00004,1.630752,5.38038,99.98
2125,00004,1.562245,5.37047,99.97
2126,00004,1.703863,5.37349,99.97
2127,00004,1.592111,5.37413,99.97
2128,00004,1.640205,5.36938,99.97
2129,00004,1.653451,5.35905,99.97
2130,00004,1.539815,5.35825,99.97
2131,00004,1.620798,5.36920,99.98
2132,00004,1.576680,5.38510,99.98
2133,00004,1.700662,5.39758,99.98
2134,00004,1.569569,5.39601,99.98
2135,00004,1.621635,5.38194,99.98
2136,00004,1.536475,5.36869,99.98
2137,00004,1.572486,5.36227,99.97
2138,00004,1.608658,5.36143,99.98
2139,00004,1.563439,5.36772,99.98
2140,00004,1.598828,5.37075,99.98
2141,00004,1.631669,5.36999,99.97
2142,00004,1.588878,5.37887,99.98
2143,00004,1.629119,5.37436,99.98
2144,00004,1.680270,5.37427,99.98
2145,00004,1.587319,5.37397,99.97
2146,00004,1.641934,5.36218,99.97
2147,00004,1.594209,5.35780,99.98
2148,00004,1.589429,5.35337,99.98
2149,00004,1.578571,5.36101,99.98
2150,00004,1.656539,5.37356,99.98
2151,00004,1.591541,5.38588,99.98
2152,00004,1.632979,5.39549,99.98
2153,00004,1.542263,5.38972,99.98
2154,00004,1.652638,5.38220,99.98
2155,00004,1.567915,5.37590,99.98
2156,00004,1.560257,5.37474,99.97
2157,00004,1.610773,5.37228,99.97
2158,00004,1.558296,5.36400,99.97
2159,00004,1.666300,5.36516,99.98
2160,00004,1.640909,5.36879,99.98
2161,00004,1.559598,5.37430,99.98
2162,00004,1.709355,5.37820,99.98
2163,00004,1.572842,5.37408,99.98
2164,00004,1.616677,5.36137,99.97
2165,00004,1.619472,5.35341,99.97
2166,00004,1.683633,5.35474,99.98
2167,00004,1.665782,5.35661,99.98
2168,00004,1.585993,5.36431,99.98
2169,00004,1.545036,5.36882,99.98
2170,00004,1.615472,5.36761,99.98
2171,00004,1.539577,5.36600,99.98
2172,00004,1.653470,5.35897,99.98
2173,00004,1.578853,5.34641,99.98
2174,00004,1.621350,5.33267,99.98
2175,00004,1.675693,5.32738,99.98
2176,00004,1.596020,5.32701,99.98
2177,00004,1.653789,5.33292,99.96
2178,00004,1.606646,5.32856,99.96
2179,00004,1.582149,5.33065,99.96
2180,00004,1.578996,5.33743,99.96
2181,00004,1.622457,5.34385,99.96
2182,00004,1.615517,5.34675,99.97
2183,00004,1.549411,5.34658,99.97
2184,00004,1.614824,5.35014,99.97
2185,00004,1.590975,5.34975,99.98
2186,00004,1.592978,5.35279,99.98
2187,00004,1.574758,5.34838,99.98
2188,00004,1.627767,5.35212,99.98
